OBJECTID,CityArea,ModelArea,SECategory,MAX_RELEASE,SUM_YEAR2015,SUM_YEAR2016,SUM_YEAR2017,SUM_YEAR2018,SUM_YEAR2019,SUM_YEAR2020,SUM_YEAR2021,SUM_YEAR2022,SUM_YEAR2023,SUM_YEAR2024,SUM_YEAR2025,SUM_YEAR2026,SUM_YEAR2027,SUM_YEAR2028,SUM_YEAR2029,SUM_YEAR2030,SUM_YEAR2031,SUM_YEAR2032,SUM_YEAR2033,SUM_YEAR2034,SUM_YEAR2035,SUM_YEAR2036,SUM_YEAR2037,SUM_YEAR2038,SUM_YEAR2039,SUM_YEAR2040,SUM_YEAR2041,SUM_YEAR2042,SUM_YEAR2043,SUM_YEAR2044,SUM_YEAR2045,SUM_YEAR2046,SUM_YEAR2047,SUM_YEAR2048,SUM_YEAR2049,SUM_YEAR2050,FIRST_MOREINFO,SHAPE_Length,SHAPE_Area
1,Alpine,WFRC-MAG Travel Model,OTHEMP,2019 RTP v8.3.1 20200508,1021,1050,1075,1115,1141,1169,1189,1201,1213,1219,1231,1236,1239,1244,1246,1252,1256,1260,1263,1267,1271,1275,1280,1284,1288,1290,1294,1300,1304,1310,1315,1321,1327,1332,1337,1341,https://wfrc.org/programs/models-forecasting/,37096.3589364451,30776463.7739391
2,Alta,Utah Statewide Travel Model,OTHEMP, ,418,419,421,422,423,424,425,425,426,426,427,427,428,429,429,429,430,430,430,431,432,431,432,432,432,433,433,433,433,433,434,434,434,434,435,435,https://wfrc.org/programs/models-forecasting/,63480.198955292,144892726.603162
3,Altamont,Utah Statewide Travel Model,OTHEMP, ,32,32,33,34,36,36,37,38,38,39,39,41,41,42,42,42,43,43,44,44,45,46,46,47,47,47,48,48,48,49,49,49,50,50,50,52,https://wfrc.org/programs/models-forecasting/,17343.1470192958,13468399.2675672
4,Alton,Utah Statewide Travel Model,OTHEMP, ,0,0,0,0,0,0,1,2,2,2,2,2,2,2,2,2,3,3,3,3,3,4,4,4,4,5,5,5,5,5,5,5,5,5,5,5,https://wfrc.org/programs/models-forecasting/,19144.4982606376,9828588.95365383
5,Amalga,Cache Travel Model,OTHEMP, ,41,47,52,57,60,62,67,69,71,76,78,80,83,85,88,91,90,90,90,88,88,88,87,87,85,85,104,125,145,163,184,204,224,244,264,283,https://wfrc.org/programs/models-forecasting/,39166.1394927449,26460753.7788544
6,American Fork,WFRC-MAG Travel Model,OTHEMP,2019 RTP v8.3.1 20200508,17697,18326,18887,19511,20032,20570,20744,20912,21062,21147,21405,21812,22266,22492,22671,22958,23161,23433,23680,23851,24036,24366,24616,24843,25061,25271,25407,25593,25754,25902,26025,26198,26374,26535,26781,27090,https://wfrc.org/programs/models-forecasting/,39535.4665757826,60362480.646476
7,Annabella,Utah Statewide Travel Model,OTHEMP, ,27,27,27,29,29,29,29,30,30,30,30,30,30,30,31,32,33,34,34,35,35,35,35,35,35,35,35,36,36,36,36,36,36,37,37,37,https://wfrc.org/programs/models-forecasting/,11445.6456871048,3143459.32734235
8,Antimony,Utah Statewide Travel Model,OTHEMP, ,9,9,9,11,13,13,13,13,13,13,14,14,15,15,16,17,17,17,18,18,18,18,19,20,20,22,22,22,22,23,23,23,24,25,26,26,https://wfrc.org/programs/models-forecasting/,37834.7712311203,45536229.3564817
9,Apple Valley,Dixie Travel Model,OTHEMP, ,3,4,4,4,4,4,5,5,6,6,6,7,7,8,8,8,9,9,10,10,10,11,11,11,12,12,13,13,13,14,14,15,15,15,16,16,https://wfrc.org/programs/models-forecasting/,84170.6282645576,164946871.559273
10,Aurora,Utah Statewide Travel Model,OTHEMP, ,77,80,81,84,86,86,88,89,90,92,94,94,95,96,98,99,100,101,102,104,104,105,107,108,109,110,111,111,113,114,114,115,117,117,118,118,https://wfrc.org/programs/models-forecasting/,9762.93710983743,4343075.23533907
11,Ballard,Utah Statewide Travel Model,OTHEMP, ,562,569,588,604,619,634,646,658,669,680,691,701,711,720,729,739,749,759,768,777,786,793,803,811,819,829,836,845,854,863,871,879,887,896,903,912,https://wfrc.org/programs/models-forecasting/,46303.7885332263,89135963.0252612
12,Bear River City,Utah Statewide Travel Model,OTHEMP, ,5,5,6,6,6,6,6,6,6,6,6,6,6,6,6,6,6,6,6,6,6,6,6,7,7,7,8,8,8,8,8,8,8,8,8,8,https://wfrc.org/programs/models-forecasting/,17024.476719581,7208271.54582551
13,Beaver,Utah Statewide Travel Model,OTHEMP, ,1129,1152,1189,1223,1253,1276,1310,1339,1365,1398,1424,1451,1473,1498,1524,1550,1574,1602,1624,1650,1673,1696,1720,1743,1766,1788,1811,1834,1853,1875,1895,1917,1938,1961,1980,2000,https://wfrc.org/programs/models-forecasting/,40446.4262968844,31205964.2425087
14,Beaver County Other,Utah Statewide Travel Model,OTHEMP, ,322,328,336,343,349,354,362,368,374,381,384,392,396,400,408,414,421,427,432,435,443,448,453,457,462,467,472,478,482,487,492,497,501,504,509,514,https://wfrc.org/programs/models-forecasting/,595077.319136898,10855869576.8501
15,Benjamin,WFRC-MAG Travel Model,OTHEMP,2019 RTP v8.3.1 20200508,1,2,3,4,5,6,6,6,8,8,8,8,8,10,10,10,10,10,11,11,11,11,11,12,12,12,15,17,20,22,26,29,32,35,38,40,https://wfrc.org/programs/models-forecasting/,23514.8337338166,19380343.3404655
16,Bicknell,Utah Statewide Travel Model,OTHEMP, ,249,254,258,262,267,271,275,279,281,286,289,292,295,299,301,305,307,310,313,315,319,322,325,328,330,333,336,339,342,346,347,351,353,357,360,362,https://wfrc.org/programs/models-forecasting/,10899.5528452197,3818032.03131836
17,Big Water,Utah Statewide Travel Model,OTHEMP, ,58,59,60,61,62,62,63,63,64,64,65,65,66,66,66,67,68,68,69,70,71,71,72,72,73,73,73,74,74,75,75,76,76,76,77,77,https://wfrc.org/programs/models-forecasting/,30224.6141896174,46971307.993203
18,Blanding,Utah Statewide Travel Model,OTHEMP, ,1706,1741,1794,1848,1896,1938,1983,2025,2067,2109,2147,2187,2227,2262,2300,2340,2374,2410,2449,2484,2518,2550,2581,2615,2649,2679,2716,2747,2780,2805,2840,2868,2901,2931,2963,2992,https://wfrc.org/programs/models-forecasting/,42612.8422063563,77041989.4400648
19,Bluffdale,WFRC-MAG Travel Model,OTHEMP,2019 RTP v8.3.1 20200508,1285,1425,1553,1710,1804,1894,2022,2137,2269,2453,2648,2845,3000,3119,3253,3360,3488,3618,3753,3936,4112,4270,4422,4605,4738,4918,5094,5320,5612,5967,6359,6741,7208,7672,8094,8535,https://wfrc.org/programs/models-forecasting/,34269.295879511,43659153.514944
20,Boulder,Utah Statewide Travel Model,OTHEMP, ,38,40,41,41,43,44,44,46,46,47,48,49,50,50,52,52,53,53,54,55,56,56,58,58,59,59,60,60,62,63,64,65,66,67,67,68,https://wfrc.org/programs/models-forecasting/,49182.2378038519,101895457.821199
21,Bountiful,WFRC-MAG Travel Model,OTHEMP,2019 RTP v8.3.1 20200508,14511,15183,15674,16045,16244,16333,16404,16474,16521,16592,16650,16706,16759,16802,16825,16836,16840,16841,16833,16854,16879,16908,16897,16886,16891,16923,16976,17038,17055,17063,17095,17100,17115,17127,17113,17109,https://wfrc.org/programs/models-forecasting/,42517.8994220932,69930537.9043225
22,Box Elder County-North,WFRC-MAG Travel Model,OTHEMP,2019 RTP v8.3.1 20200508,14,15,16,18,18,20,20,20,20,19,19,19,19,19,19,19,19,19,19,19,20,20,20,20,20,20,21,23,23,24,25,26,26,26,27,28,https://wfrc.org/programs/models-forecasting/,72477.7157813411,59238751.5702326
23,Box Elder County-South,WFRC-MAG Travel Model,OTHEMP,2019 RTP v8.3.1 20200508,56,60,64,67,68,72,72,73,73,73,73,73,72,71,71,71,72,74,75,76,77,78,81,82,84,84,87,91,93,95,99,101,103,108,109,110,https://wfrc.org/programs/models-forecasting/,26902.2203263132,37787965.6475802
24,Box Elder County Other,Utah Statewide Travel Model,OTHEMP, ,392,414,434,448,467,481,483,484,486,486,488,484,482,480,478,478,486,499,507,515,526,534,541,550,556,564,584,605,629,648,668,693,714,737,757,778,https://wfrc.org/programs/models-forecasting/,1121907.53946888,30362295206.6391
25,Brian Head,Utah Statewide Travel Model,OTHEMP, ,222,230,235,241,246,251,256,260,264,269,273,277,283,287,291,294,299,303,307,312,316,320,324,329,333,335,340,344,348,352,356,361,364,368,372,377,https://wfrc.org/programs/models-forecasting/,22134.3672527633,15765887.3790834
26,Brigham City,WFRC-MAG Travel Model,OTHEMP,2019 RTP v8.3.1 20200508,6441,6580,6693,6798,6888,6973,7098,7218,7334,7448,7562,7672,7785,7891,8002,8105,8199,8288,8377,8458,8547,8628,8709,8792,8869,8950,9013,9076,9138,9195,9257,9321,9377,9432,9496,9553,https://wfrc.org/programs/models-forecasting/,72586.8145286651,130502889.733462
27,Bryce Canyon,Utah Statewide Travel Model,OTHEMP, ,56,64,72,79,86,92,99,105,111,117,123,128,134,140,145,150,156,161,167,172,177,183,188,193,199,204,209,214,220,225,231,236,241,246,251,256,https://wfrc.org/programs/models-forecasting/,17382.0324186974,16132756.3584856
28,Cache County Other,Cache Travel Model,OTHEMP, ,682,699,720,727,736,747,764,781,796,809,824,839,855,871,888,901,917,930,939,953,959,974,982,993,1007,1012,1017,1018,1018,1021,1023,1024,1025,1025,1026,1026,https://wfrc.org/programs/models-forecasting/,796377.661939118,4753694801.98939
29,Cannonville,Utah Statewide Travel Model,OTHEMP, ,12,13,13,13,13,14,14,14,14,15,15,16,16,17,17,17,17,17,18,18,19,19,19,20,20,20,20,20,21,22,22,22,23,23,23,23,https://wfrc.org/programs/models-forecasting/,27436.3785544993,15235239.4732796
30,Carbon County Other,Utah Statewide Travel Model,OTHEMP, ,1023,1067,1117,1168,1213,1205,1247,1286,1324,1366,1402,1439,1479,1519,1553,1590,1624,1659,1693,1721,1757,1791,1821,1851,1883,1914,1934,1960,1981,1999,2027,2044,2068,2088,2109,2130,https://wfrc.org/programs/models-forecasting/,576991.114693689,6396136339.26323
31,Castle Dale,Utah Statewide Travel Model,OTHEMP, ,697,708,725,741,756,766,780,791,802,813,823,834,845,854,865,875,885,895,907,919,929,941,951,962,975,986,998,1008,1020,1034,1045,1057,1068,1081,1092,1104,https://wfrc.org/programs/models-forecasting/,18713.0707287072,15979515.649633
32,Castle Valley,Utah Statewide Travel Model,OTHEMP, ,8,8,8,9,9,9,9,9,9,9,10,10,10,10,10,10,11,11,11,11,11,11,11,11,11,11,11,11,11,11,11,11,11,11,11,12,https://wfrc.org/programs/models-forecasting/,28993.2055635126,39470757.4076055
33,Cedar City,Utah Statewide Travel Model,OTHEMP, ,11970,12293,12578,12824,13045,13257,13482,13699,13913,14118,14327,14524,14715,14911,15103,15276,15471,15670,15856,16038,16219,16397,16571,16747,16911,17084,17268,17443,17610,17785,17961,18128,18297,18460,18628,18796,https://wfrc.org/programs/models-forecasting/,88331.0499338526,166473608.267972
34,Cedar Fort,WFRC-MAG Travel Model,OTHEMP,2019 RTP v8.3.1 20200508,24,27,29,31,33,36,60,87,112,141,167,190,216,243,270,291,336,383,434,475,525,581,631,680,724,755,782,809,841,870,906,939,972,1004,1036,1062,https://wfrc.org/programs/models-forecasting/,58320.8838250012,70984971.60316
35,Cedar Hills,WFRC-MAG Travel Model,OTHEMP,2019 RTP v8.3.1 20200508,515,526,552,584,603,615,628,640,649,656,669,672,672,678,683,690,697,703,709,714,721,728,731,735,740,742,742,745,749,753,755,760,763,766,769,770,https://wfrc.org/programs/models-forecasting/,17648.7162738864,11223305.2239512
36,Centerfield,Utah Statewide Travel Model,OTHEMP, ,178,183,188,193,196,200,205,209,214,218,222,226,231,234,238,243,246,250,253,258,261,265,268,273,276,280,283,286,290,293,297,302,305,308,311,315,https://wfrc.org/programs/models-forecasting/,11198.1306241908,7758207.49001387
37,Centerville,WFRC-MAG Travel Model,OTHEMP,2019 RTP v8.3.1 20200508,4363,4499,4640,4774,4959,5144,5276,5405,5547,5735,5931,6112,6213,6228,6337,6495,6626,6698,6744,6847,6944,7042,7172,7359,7456,7535,7635,7756,7894,7980,8060,8108,8179,8246,8311,8322,https://wfrc.org/programs/models-forecasting/,23159.4403845236,27654643.9837027
38,Central Valley,Utah Statewide Travel Model,OTHEMP, ,11,11,12,12,12,12,12,12,12,12,12,12,13,13,13,13,13,13,13,13,13,14,14,14,14,14,14,14,14,14,14,14,14,15,15,15,https://wfrc.org/programs/models-forecasting/,20774.5417405873,10998848.4067732
39,Charleston,Utah Statewide Travel Model,OTHEMP, ,85,89,94,96,100,103,110,115,123,128,135,141,147,155,161,166,175,182,189,197,205,212,219,225,235,242,250,261,271,280,289,297,306,317,325,335,https://wfrc.org/programs/models-forecasting/,36439.937035353,22785936.7868169
40,Circleville,Utah Statewide Travel Model,OTHEMP, ,102,105,105,108,112,112,115,117,118,122,123,125,126,131,132,135,137,138,141,144,147,148,149,153,153,157,159,159,162,165,170,171,172,174,177,179,https://wfrc.org/programs/models-forecasting/,32406.0381479634,44320855.2460701
41,Clarkston,Cache Travel Model,OTHEMP, ,24,24,24,24,24,25,25,25,25,26,26,26,27,28,28,28,28,29,29,29,29,30,30,30,31,32,33,33,33,33,33,34,34,34,34,35,https://wfrc.org/programs/models-forecasting/,10909.6760687451,4983287.81501439
42,Clawson,Utah Statewide Travel Model,OTHEMP, ,4,4,4,5,5,5,5,5,5,5,5,6,6,6,6,6,6,6,6,6,6,7,7,7,7,7,7,7,8,8,8,8,8,8,8,8,https://wfrc.org/programs/models-forecasting/,15734.4856487077,9351550.76050213
43,Clearfield,WFRC-MAG Travel Model,OTHEMP,2019 RTP v8.3.1 20200508,12146,12793,13451,14029,14553,14951,15310,15662,16020,16336,16618,16787,16948,17025,17143,17349,17636,18008,18352,18674,18964,19134,19280,19327,19532,19754,19963,20257,20422,20641,20838,21214,21548,21739,21917,22075,https://wfrc.org/programs/models-forecasting/,37950.7760445054,36765555.6482556
44,Cleveland,Utah Statewide Travel Model,OTHEMP, ,21,22,23,25,25,25,26,27,27,28,29,30,30,30,31,32,32,34,34,34,35,37,37,37,39,39,40,40,41,42,43,44,44,45,45,47,https://wfrc.org/programs/models-forecasting/,10428.0513460238,3849525.2477148
45,Clinton,WFRC-MAG Travel Model,OTHEMP,2019 RTP v8.3.1 20200508,1621,1669,1718,1761,1797,1823,1844,1866,1879,1894,1911,1928,1940,1950,1961,1966,1974,1983,2006,2032,2068,2107,2133,2152,2169,2135,2148,2158,2155,2165,2179,2193,2208,2228,2255,2275,https://wfrc.org/programs/models-forecasting/,25095.0899752722,27687051.9636992
46,Coalville,Summit Travel Model,OTHEMP, ,377,388,398,407,416,421,429,438,446,452,459,466,473,478,484,494,501,507,514,520,528,534,541,549,556,572,582,594,604,616,626,637,648,660,670,681,https://wfrc.org/programs/models-forecasting/,20280.1243369905,16792113.9827604
47,Copperton,WFRC-MAG Travel Model,OTHEMP,2019 RTP v8.3.1 20200508,49,50,51,53,55,57,58,59,62,66,71,76,81,88,96,104,115,125,140,158,178,201,222,240,255,272,289,309,328,342,358,370,386,398,407,418,https://wfrc.org/programs/models-forecasting/,11877.0318248827,7776876.33132318
48,Corinne,Utah Statewide Travel Model,OTHEMP, ,80,98,113,128,140,152,166,182,197,210,224,237,252,266,280,293,309,326,343,358,376,390,406,421,437,453,457,461,466,469,473,476,479,483,487,491,https://wfrc.org/programs/models-forecasting/,25541.0208578958,17910520.6306616
49,Cornish,Cache Travel Model,OTHEMP, ,27,27,27,28,29,30,30,30,30,30,30,31,31,31,31,31,31,31,31,31,31,31,31,31,31,31,31,31,32,33,33,33,33,33,34,34,https://wfrc.org/programs/models-forecasting/,33553.7975791588,37968070.2016572
50,Cottonwood Heights,WFRC-MAG Travel Model,OTHEMP,2019 RTP v8.3.1 20200508,17226,17674,18036,18304,18523,18682,18781,18864,18970,19060,19144,19236,19281,19329,19384,19425,19449,19491,19527,19618,19696,19757,19802,19840,19897,19957,20140,20259,20460,20576,20536,20643,20860,21078,21309,21530,https://wfrc.org/programs/models-forecasting/,32806.8882647594,38060462.0575089
51,Daggett County Other,Utah Statewide Travel Model,OTHEMP, ,93,96,100,102,105,108,112,115,118,121,124,128,130,132,136,138,140,143,147,149,151,154,156,159,160,165,167,169,170,174,177,180,181,185,189,191,https://wfrc.org/programs/models-forecasting/,363700.810206391,3226293443.76358
52,Daniel,Utah Statewide Travel Model,OTHEMP, ,69,70,71,72,72,73,75,79,80,83,85,87,90,91,92,95,97,100,103,104,104,106,107,109,110,112,113,116,118,120,122,124,126,128,130,135,https://wfrc.org/programs/models-forecasting/,27887.587500568,17317550.1093214
53,Davis County-East,WFRC-MAG Travel Model,OTHEMP,2019 RTP v8.3.1 20200508,7,7,8,12,19,25,32,38,45,49,54,57,61,63,65,66,67,68,69,70,73,76,83,93,100,110,123,134,150,165,186,206,228,250,273,289,https://wfrc.org/programs/models-forecasting/,10390.2114480378,2633574.16780058
54,Davis County-West,WFRC-MAG Travel Model,OTHEMP,2019 RTP v8.3.1 20200508,59,61,65,69,71,77,81,77,88,110,144,184,212,225,232,237,243,250,255,262,270,279,289,301,312,321,346,376,408,429,450,467,481,496,508,521,https://wfrc.org/programs/models-forecasting/,84279.6001983909,53567198.3083496
55,Davis County Other,Utah Statewide Travel Model,OTHEMP, ,0,0,0,0,0,0,0,0,0,0,0,0,0,0,0,0,0,0,0,0,0,0,0,0,0,0,0,0,0,0,0,0,0,0,0,0,https://wfrc.org/programs/models-forecasting/,343097.41180203,2209663539.73128
56,Delta,Utah Statewide Travel Model,OTHEMP, ,1470,1513,1552,1590,1625,1657,1693,1726,1758,1790,1817,1849,1875,1904,1933,1965,1992,2023,2051,2079,2107,2136,2165,2192,2219,2248,2271,2301,2327,2356,2383,2406,2433,2461,2488,2513,https://wfrc.org/programs/models-forecasting/,25149.88388648,19743423.913032
57,Deweyville,Utah Statewide Travel Model,OTHEMP, ,33,33,33,34,35,35,35,35,35,36,37,37,37,37,38,38,38,39,39,39,39,39,40,40,40,40,40,42,42,42,42,42,43,44,44,44,https://wfrc.org/programs/models-forecasting/,40973.2659999468,27846423.0940344
58,Draper(Slco),WFRC-MAG Travel Model,OTHEMP,2019 RTP v8.3.1 20200508,24572,25774,26757,27627,28644,29519,30513,31407,32403,33562,34846,36121,37333,38437,39848,41388,43158,44765,46324,47903,49335,50904,52139,53709,55643,57607,59271,60131,61076,61851,62657,63481,64236,65062,65751,66398,https://wfrc.org/programs/models-forecasting/,68577.3074478539,97415898.1544322
59,Draper(Utahco),WFRC-MAG Travel Model,OTHEMP,2019 RTP v8.3.1 20200508,0,0,0,0,0,0,0,0,0,0,0,0,0,0,0,0,0,0,0,0,0,0,0,0,0,0,0,0,0,0,0,0,0,0,0,0,https://wfrc.org/programs/models-forecasting/,20190.4853285134,10691179.9832567
60,Duchesne,Utah Statewide Travel Model,OTHEMP, ,912,923,953,986,1011,1032,1053,1072,1091,1109,1126,1144,1158,1174,1188,1203,1217,1232,1245,1258,1273,1285,1299,1312,1322,1335,1347,1360,1370,1383,1393,1404,1416,1428,1437,1449,https://wfrc.org/programs/models-forecasting/,26930.4885467024,14661271.1460793
61,Duchesne County Other,Utah Statewide Travel Model,OTHEMP, ,582,595,630,667,696,719,736,764,784,804,825,844,857,877,895,910,929,942,961,977,991,1002,1014,1033,1049,1058,1073,1087,1102,1113,1126,1140,1151,1166,1178,1194,https://wfrc.org/programs/models-forecasting/,622872.315199441,14424606936.5643
62,Eagle Mountain,WFRC-MAG Travel Model,OTHEMP,2019 RTP v8.3.1 20200508,740,932,1175,1581,2006,2395,2950,3867,4822,5669,6261,6970,7690,8364,8758,9765,11003,12031,12731,14115,15543,16632,18061,19865,21471,23093,24539,26272,27767,29720,31422,32742,34665,36991,38802,40031,https://wfrc.org/programs/models-forecasting/,131904.478607026,278803572.923877
63,East Carbon,Utah Statewide Travel Model,OTHEMP, ,112,115,119,121,124,126,128,129,132,133,136,137,138,141,143,146,147,148,150,151,153,154,155,158,158,160,161,163,164,167,168,169,170,171,172,173,https://wfrc.org/programs/models-forecasting/,50496.654287701,38925692.4490149
64,Elberta,WFRC-MAG Travel Model,OTHEMP,2019 RTP v8.3.1 20200508,2,2,3,3,4,4,5,6,6,7,8,9,10,10,11,12,12,13,14,14,15,18,18,19,20,20,21,21,22,23,23,25,26,27,27,28,https://wfrc.org/programs/models-forecasting/,71993.1826737138,193319891.019694
65,Elk Ridge,WFRC-MAG Travel Model,OTHEMP,2019 RTP v8.3.1 20200508,47,49,52,56,58,61,61,62,64,64,65,65,66,67,68,68,68,68,68,68,68,68,68,68,68,68,68,69,69,70,71,71,72,72,73,73,https://wfrc.org/programs/models-forecasting/,18655.1817906742,10410778.7532998
66,Elmo,Utah Statewide Travel Model,OTHEMP, ,33,33,34,34,36,36,37,38,38,38,39,40,40,40,40,41,42,42,43,43,44,44,44,45,46,46,46,47,48,48,48,48,50,50,50,51,https://wfrc.org/programs/models-forecasting/,10879.6702989613,6127113.58228387
67,Elsinore,Utah Statewide Travel Model,OTHEMP, ,20,21,22,23,24,24,25,25,27,27,27,28,28,29,30,30,30,31,32,32,32,32,33,34,34,35,35,35,35,37,37,37,37,37,38,39,https://wfrc.org/programs/models-forecasting/,10632.7465258204,5426152.78388605
68,Elwood,Utah Statewide Travel Model,OTHEMP, ,39,42,42,44,46,48,50,50,52,55,55,58,58,61,62,63,67,67,69,69,73,74,75,76,78,79,81,82,84,85,87,88,93,93,96,98,https://wfrc.org/programs/models-forecasting/,66627.6300332598,56748241.7618248
69,Emery,Utah Statewide Travel Model,OTHEMP, ,18,18,19,19,19,20,20,20,20,20,22,22,22,22,22,22,22,22,24,24,24,24,24,24,24,24,26,26,26,26,26,27,27,27,28,28,https://wfrc.org/programs/models-forecasting/,15411.2576095252,8008387.78421828
70,Emery County Other,Utah Statewide Travel Model,OTHEMP, ,145,151,161,168,174,181,188,195,199,205,210,218,221,229,234,239,247,250,257,263,269,276,281,285,294,299,307,310,319,327,332,338,345,351,361,368,https://wfrc.org/programs/models-forecasting/,880675.782419381,19052786364.0649
71,Emigration Canyon,Utah Statewide Travel Model,OTHEMP, ,174,183,192,199,206,212,217,222,225,229,232,235,238,241,244,246,249,251,254,256,258,260,263,265,266,268,270,272,274,276,277,279,280,282,283,285,https://wfrc.org/programs/models-forecasting/,76051.8799955195,236978589.262864
72,Enoch,Utah Statewide Travel Model,OTHEMP, ,329,340,345,351,355,362,368,371,374,380,386,391,394,400,405,410,414,417,421,428,432,438,443,449,453,456,460,463,467,473,478,483,487,492,496,500,https://wfrc.org/programs/models-forecasting/,31263.8582882483,41750021.8104356
73,Enterprise,Dixie Travel Model,OTHEMP, ,339,355,365,374,383,392,397,402,406,412,416,421,426,429,432,435,445,456,464,475,484,493,504,513,522,532,544,557,568,579,590,601,612,622,631,641,https://wfrc.org/programs/models-forecasting/,40708.2816652187,35852283.4006238
74,Ephraim,Utah Statewide Travel Model,OTHEMP, ,1619,1662,1703,1737,1773,1804,1842,1877,1909,1943,1978,2011,2044,2078,2110,2144,2164,2184,2203,2223,2241,2260,2278,2295,2314,2332,2352,2371,2394,2417,2438,2462,2483,2503,2524,2544,https://wfrc.org/programs/models-forecasting/,22048.7712185919,15068141.0339902
75,Escalante,Utah Statewide Travel Model,OTHEMP, ,307,314,321,329,332,340,343,351,354,359,365,369,374,379,382,385,392,397,402,407,409,416,419,423,429,435,438,441,446,450,455,460,464,466,470,476,https://wfrc.org/programs/models-forecasting/,24301.8599214943,17616499.7844928
76,Eureka,Utah Statewide Travel Model,OTHEMP, ,93,94,96,98,99,100,102,103,105,106,108,109,110,112,113,115,116,118,119,120,122,123,124,126,127,129,130,131,133,134,136,137,138,140,141,142,https://wfrc.org/programs/models-forecasting/,14479.1745404113,6976251.5347582
77,Fairfield,WFRC-MAG Travel Model,OTHEMP,2019 RTP v8.3.1 20200508,3,3,3,3,3,3,3,4,4,5,5,5,6,6,7,7,8,10,11,13,14,16,18,19,21,22,28,35,42,49,57,64,72,80,87,93,https://wfrc.org/programs/models-forecasting/,36657.1747791089,47826785.6213631
78,Fairview,Utah Statewide Travel Model,OTHEMP, ,279,284,291,296,301,306,311,316,321,327,331,336,341,346,350,354,360,365,369,375,377,384,387,392,397,401,406,409,414,417,424,426,432,435,441,445,https://wfrc.org/programs/models-forecasting/,11520.4407698881,5828341.95306685
79,Farmington,WFRC-MAG Travel Model,OTHEMP,2019 RTP v8.3.1 20200508,10053,10633,11173,11460,11629,11925,12104,12233,12564,12837,13017,13188,13456,13840,14259,14645,15035,15469,15987,16631,16905,17247,17709,18111,18403,18893,19038,19253,19562,19879,20219,20469,20734,21074,21476,21868,https://wfrc.org/programs/models-forecasting/,37479.9267424987,50819873.088683
80,Farr West,WFRC-MAG Travel Model,OTHEMP,2019 RTP v8.3.1 20200508,984,1035,1068,1103,1131,1153,1176,1196,1211,1226,1247,1269,1283,1290,1299,1308,1319,1329,1334,1341,1348,1354,1359,1367,1373,1382,1388,1392,1398,1405,1410,1413,1421,1426,1432,1435,https://wfrc.org/programs/models-forecasting/,31625.9486406512,26707852.2212248
81,Fayette,Utah Statewide Travel Model,OTHEMP, ,6,6,6,6,6,6,6,6,6,6,6,6,6,7,7,7,7,7,7,7,7,7,7,7,7,7,8,8,8,8,8,8,8,8,8,8,https://wfrc.org/programs/models-forecasting/,8664.73902114971,3124477.13950107
82,Ferron,Utah Statewide Travel Model,OTHEMP, ,191,193,197,201,204,207,210,212,215,218,221,223,226,228,230,233,236,238,241,243,246,250,251,255,257,259,263,266,270,273,277,280,283,288,290,293,https://wfrc.org/programs/models-forecasting/,25671.8195729992,26381794.1418989
83,Fielding,Utah Statewide Travel Model,OTHEMP, ,71,72,72,73,73,74,74,75,75,75,75,76,76,76,76,76,77,78,79,80,80,81,82,82,83,84,84,85,86,86,87,87,88,88,89,89,https://wfrc.org/programs/models-forecasting/,7791.57429292112,2081255.95026251
84,Fillmore,Utah Statewide Travel Model,OTHEMP, ,1426,1464,1501,1536,1571,1599,1629,1659,1686,1713,1740,1770,1795,1820,1847,1874,1900,1923,1949,1978,2003,2028,2053,2078,2103,2128,2152,2177,2202,2228,2252,2273,2299,2322,2347,2370,https://wfrc.org/programs/models-forecasting/,34366.975377207,30205218.9364671
85,Fountain Green,Utah Statewide Travel Model,OTHEMP, ,88,90,91,93,94,96,97,100,100,103,103,105,106,107,110,112,114,115,117,117,118,120,121,124,125,125,127,128,130,130,131,133,134,137,138,139,https://wfrc.org/programs/models-forecasting/,9924.32208257842,6140704.75154405
86,Francis,Summit Travel Model,OTHEMP, ,112,114,119,126,130,134,139,144,150,155,161,166,171,177,180,187,193,200,205,212,219,224,231,239,245,253,264,272,281,291,299,308,318,327,337,345,https://wfrc.org/programs/models-forecasting/,23214.3616892931,21039546.7164838
87,Fruit Heights,WFRC-MAG Travel Model,OTHEMP,2019 RTP v8.3.1 20200508,702,714,724,731,740,748,752,759,762,766,769,764,767,768,769,772,763,764,764,760,762,755,756,757,759,760,761,752,753,753,754,757,757,758,759,751,https://wfrc.org/programs/models-forecasting/,20531.2701319724,11335547.6253655
88,Garden City,Utah Statewide Travel Model,OTHEMP, ,333,342,351,359,368,375,386,397,406,417,427,438,449,458,470,480,488,495,502,509,516,524,529,538,543,551,557,563,568,574,580,586,593,598,603,609,https://wfrc.org/programs/models-forecasting/,57940.8581447909,50364655.1156282
89,Garfield County Other,Utah Statewide Travel Model,OTHEMP, ,168,170,172,177,182,185,188,191,192,195,199,202,205,205,210,207,210,222,222,224,227,230,233,234,237,239,242,243,245,247,249,253,255,257,259,262,https://wfrc.org/programs/models-forecasting/,1013540.08488774,21417468008.122
90,Garland,Utah Statewide Travel Model,OTHEMP, ,256,260,264,269,273,276,278,281,284,287,289,293,294,298,301,303,308,312,314,318,320,326,329,332,335,339,341,340,342,342,345,345,346,347,347,348,https://wfrc.org/programs/models-forecasting/,16094.7929983777,9210945.52123243
91,Genola,WFRC-MAG Travel Model,OTHEMP,2019 RTP v8.3.1 20200508,60,66,71,78,80,80,86,92,95,102,111,122,127,132,138,142,153,168,180,201,223,241,264,276,286,303,319,337,355,373,394,413,434,456,472,488,https://wfrc.org/programs/models-forecasting/,38265.8346088789,48656982.7419457
92,Glendale,Utah Statewide Travel Model,OTHEMP, ,9,10,10,10,11,12,12,12,12,13,13,14,14,14,14,14,15,15,16,16,17,17,17,17,17,17,19,19,19,19,19,21,21,21,22,22,https://wfrc.org/programs/models-forecasting/,44930.1344449814,31985206.8465273
93,Glenwood,Utah Statewide Travel Model,OTHEMP, ,10,10,12,12,12,12,12,12,12,12,12,12,12,12,12,12,13,13,14,14,14,15,15,15,15,15,15,15,15,15,15,15,15,15,15,15,https://wfrc.org/programs/models-forecasting/,6095.33312170023,2145699.5472964
94,Goshen,WFRC-MAG Travel Model,OTHEMP,2019 RTP v8.3.1 20200508,28,28,28,29,29,29,30,30,31,31,32,33,34,35,36,36,36,38,39,40,41,41,42,42,44,44,45,47,48,50,51,53,54,56,58,59,https://wfrc.org/programs/models-forecasting/,51566.3030688606,68199582.6567882
95,Grand County Other,Utah Statewide Travel Model,OTHEMP, ,491,499,509,519,527,535,544,551,558,568,573,580,587,591,599,607,610,620,626,630,640,646,652,658,664,671,677,684,689,695,702,709,717,722,729,735,https://wfrc.org/programs/models-forecasting/,719749.27017454,15741029214.6217
96,Grantsville,Utah Statewide Travel Model,OTHEMP, ,1479,1541,1591,1635,1677,1716,1758,1790,1831,1868,1910,1945,1981,2015,2054,2100,2136,2167,2198,2236,2271,2310,2346,2383,2428,2480,2520,2556,2591,2627,2667,2702,2744,2779,2818,2858,https://wfrc.org/programs/models-forecasting/,86330.3155942391,251208334.637588
97,Green River,Utah Statewide Travel Model,OTHEMP, ,240,249,260,272,280,288,296,304,313,319,325,333,341,347,354,362,371,378,386,392,400,408,415,422,431,439,447,455,465,472,482,490,498,507,516,522,https://wfrc.org/programs/models-forecasting/,64825.5700268109,58448252.0421915
98,Gunnison,Utah Statewide Travel Model,OTHEMP, ,1106,1136,1162,1187,1211,1235,1259,1281,1306,1328,1353,1376,1398,1422,1444,1466,1490,1512,1534,1555,1577,1598,1620,1640,1660,1682,1701,1720,1741,1763,1783,1805,1826,1847,1867,1887,https://wfrc.org/programs/models-forecasting/,23616.7068401676,24962673.6046614
99,Hafb,WFRC-MAG Travel Model,OTHEMP,2019 RTP v8.3.1 20200508,21126,21134,21142,21145,21146,21146,21147,21147,21147,21147,21147,21148,21148,21148,21148,21148,21148,21148,21148,21148,21148,21148,21148,21148,21149,21149,21149,21149,21150,21150,21149,21151,21152,21158,21167,21181,https://wfrc.org/programs/models-forecasting/,32189.9869934722,39048913.7610464
100,Hanksville,Utah Statewide Travel Model,OTHEMP, ,54,55,56,59,60,61,62,63,64,65,66,67,69,69,71,71,73,73,74,75,77,78,78,80,81,81,82,84,85,86,86,88,88,90,91,92,https://wfrc.org/programs/models-forecasting/,22112.7102254538,12668245.4512514
101,Harrisville,WFRC-MAG Travel Model,OTHEMP,2019 RTP v8.3.1 20200508,1885,2038,2147,2227,2315,2370,2434,2483,2534,2571,2612,2654,2695,2726,2751,2775,2792,2818,2842,2870,2896,2924,2958,2991,3023,3052,3082,3109,3136,3161,3191,3210,3226,3246,3268,3284,https://wfrc.org/programs/models-forecasting/,30439.4719132197,14844210.7157909
102,Hatch,Utah Statewide Travel Model,OTHEMP, ,12,12,14,14,15,15,16,17,17,18,18,19,19,20,20,20,22,22,22,22,23,23,25,25,25,25,26,27,27,28,28,28,28,30,30,30,https://wfrc.org/programs/models-forecasting/,13793.7591255289,9240689.26025969
103,Heber,Utah Statewide Travel Model,OTHEMP, ,5403,5588,5747,5893,6030,6060,6180,6300,6413,6525,6639,6745,6860,6963,7074,7183,7288,7401,7508,7610,7717,7821,7923,8025,8122,8223,8360,8495,8633,8775,8908,9046,9182,9314,9454,9584,https://wfrc.org/programs/models-forecasting/,51900.6522033041,47043544.8669141
104,Heber City,Utah Statewide Travel Model,OTHEMP, ,11,15,18,20,23,23,25,27,29,31,33,35,37,39,41,43,45,47,49,51,52,54,56,58,60,61,64,66,69,71,74,76,78,80,83,85,https://wfrc.org/programs/models-forecasting/,7287.09929202965,1319423.01377421
105,Helper,Utah Statewide Travel Model,OTHEMP, ,234,242,251,258,266,270,277,281,288,292,297,303,307,311,316,320,326,329,334,338,341,346,350,354,358,360,364,368,370,374,378,381,383,387,390,393,https://wfrc.org/programs/models-forecasting/,17179.9867490564,5620771.77266984
106,Henefer,Summit Travel Model,OTHEMP, ,75,78,81,83,84,86,88,90,91,92,94,95,96,97,99,100,101,103,103,105,106,107,109,110,112,114,116,118,118,120,122,123,125,127,129,129,https://wfrc.org/programs/models-forecasting/,24206.8094727795,14335062.3222411
107,Henrieville,Utah Statewide Travel Model,OTHEMP, ,7,7,7,7,7,7,7,7,7,7,7,7,7,7,7,7,7,8,8,8,8,8,8,8,8,8,8,8,8,8,8,8,9,9,9,9,https://wfrc.org/programs/models-forecasting/,11252.5092418711,5603371.06795241
108,Herriman,WFRC-MAG Travel Model,OTHEMP,2019 RTP v8.3.1 20200508,2546,2710,2902,3148,3589,4141,4754,5373,6059,6800,7548,8376,9204,10081,10956,11733,12352,13020,13570,14081,14633,15117,15548,15955,16258,16543,16879,17258,17575,17841,18108,18449,18859,19210,19529,19907,https://wfrc.org/programs/models-forecasting/,70200.1241181546,93562562.148409
109,Hideout,Summit Travel Model,OTHEMP, ,0,0,0,0,0,0,0,0,0,0,0,0,0,0,0,0,0,0,0,0,0,0,0,0,0,0,0,0,0,0,0,0,0,0,0,0,https://wfrc.org/programs/models-forecasting/,24512.491559933,15097859.30271
110,Highland,WFRC-MAG Travel Model,OTHEMP,2019 RTP v8.3.1 20200508,1645,1705,1779,1846,1883,1913,1922,1931,1945,1955,1964,1973,1983,1995,2002,2011,2023,2042,2107,2136,2185,2230,2265,2294,2318,2328,2328,2328,2330,2330,2336,2339,2340,2342,2346,2351,https://wfrc.org/programs/models-forecasting/,38156.3126700797,38531147.9473095
111,Hildale,Dixie Travel Model,OTHEMP, ,94,100,101,104,106,108,117,125,133,141,150,160,167,175,183,190,197,204,211,216,223,229,236,242,248,254,262,270,278,286,293,300,308,315,321,328,https://wfrc.org/programs/models-forecasting/,27017.8955465762,38756727.2881816
112,Hinckley,Utah Statewide Travel Model,OTHEMP, ,11,11,11,11,11,11,11,11,13,14,14,14,14,14,14,14,14,14,14,14,14,14,15,16,16,16,16,17,17,17,18,18,18,18,18,18,https://wfrc.org/programs/models-forecasting/,21047.5431683674,22019100.2064592
113,Holden,Utah Statewide Travel Model,OTHEMP, ,18,19,19,19,20,20,21,22,22,22,22,22,23,23,23,23,23,23,23,24,24,24,24,25,25,25,25,25,25,25,25,25,25,26,26,27,https://wfrc.org/programs/models-forecasting/,6838.1359612214,2641819.04374259
114,Holladay,WFRC-MAG Travel Model,OTHEMP,2019 RTP v8.3.1 20200508,6150,6540,6839,7060,7159,7276,7368,7389,7454,7517,7572,7609,7614,7642,7669,7682,7712,7725,7726,7741,7751,7759,7775,7795,7813,7816,7823,7827,7834,7847,7847,7831,7843,7857,7873,7878,https://wfrc.org/programs/models-forecasting/,29740.2288353238,33865825.9460547
115,Honeyville,Utah Statewide Travel Model,OTHEMP, ,129,131,132,135,135,136,138,140,142,145,146,149,150,152,154,156,158,158,161,162,163,165,165,166,167,168,171,173,174,177,180,182,184,187,189,192,https://wfrc.org/programs/models-forecasting/,43086.7245017455,49913350.8652907
116,Hooper,WFRC-MAG Travel Model,OTHEMP,2019 RTP v8.3.1 20200508,241,251,260,272,281,287,295,303,306,306,309,310,314,316,316,318,316,316,318,319,317,316,315,311,310,310,309,307,308,305,306,307,307,309,309,308,https://wfrc.org/programs/models-forecasting/,37610.3214323572,54515537.139468
117,Howell,Utah Statewide Travel Model,OTHEMP, ,9,9,9,9,10,10,10,10,10,10,10,10,10,10,10,10,11,11,11,11,11,11,11,11,11,12,12,12,12,12,12,12,12,12,12,13,https://wfrc.org/programs/models-forecasting/,52261.6184409466,165575504.673514
118,Huntington,Utah Statewide Travel Model,OTHEMP, ,367,374,383,392,401,407,415,423,429,436,444,449,457,463,468,475,480,487,495,502,510,515,522,529,535,543,550,557,564,572,580,586,593,601,607,615,https://wfrc.org/programs/models-forecasting/,19556.6994621379,12372378.7002516
119,Huntsville,Utah Statewide Travel Model,OTHEMP, ,71,72,75,77,79,81,84,84,86,86,87,88,89,89,89,90,89,89,89,88,87,87,86,86,84,84,84,84,85,86,86,86,86,86,87,87,https://wfrc.org/programs/models-forecasting/,13134.4749619006,4707014.39803026
120,Hurricane,Dixie Travel Model,OTHEMP, ,2779,3001,3149,3285,3422,3560,3775,4001,4229,4460,4710,4932,5153,5367,5575,5778,6049,6295,6535,6762,7021,7280,7521,7746,7991,8243,8611,8991,9358,9733,10080,10432,10782,11115,11447,11764,https://wfrc.org/programs/models-forecasting/,122405.669276179,226036476.777171
121,Hyde Park,Cache Travel Model,OTHEMP, ,501,523,543,561,576,590,609,626,646,663,679,701,718,736,754,770,786,805,823,838,855,871,887,904,921,935,942,948,954,960,963,969,974,979,984,990,https://wfrc.org/programs/models-forecasting/,23031.6986397379,23411846.5596697
122,Hyrum,Cache Travel Model,OTHEMP, ,933,981,1026,1066,1102,1136,1178,1218,1253,1293,1331,1368,1405,1443,1478,1513,1547,1581,1613,1646,1676,1707,1736,1766,1798,1827,1880,1929,1980,2030,2081,2129,2182,2230,2282,2332,https://wfrc.org/programs/models-forecasting/,30940.2228692107,30204588.7814621
123,Independence,Utah Statewide Travel Model,OTHEMP, ,8,8,8,8,8,9,9,9,9,9,9,9,9,9,9,10,10,10,11,11,11,11,11,11,11,11,14,14,14,14,14,14,15,15,15,16,https://wfrc.org/programs/models-forecasting/,104055.857750087,175199162.890333
124,Iron County Other,Utah Statewide Travel Model,OTHEMP, ,526,567,597,630,660,699,734,771,806,840,870,904,941,975,1017,1066,1109,1149,1193,1232,1277,1313,1359,1406,1447,1492,1534,1585,1633,1678,1734,1779,1829,1879,1925,1977,https://wfrc.org/programs/models-forecasting/,737454.430424212,13468877592.9606
125,Ivins,Dixie Travel Model,OTHEMP, ,1763,1956,2124,2289,2447,2609,2659,2714,2773,2828,2888,2945,2998,3053,3096,3140,3182,3220,3260,3295,3332,3370,3409,3447,3481,3516,3581,3645,3704,3761,3817,3874,3926,3975,4023,4070,https://wfrc.org/programs/models-forecasting/,43970.2341090461,40792411.9899788
126,Joseph,Utah Statewide Travel Model,OTHEMP, ,9,9,9,9,11,11,11,11,11,11,11,11,11,11,13,13,13,13,13,13,13,13,14,15,15,15,16,16,16,16,16,17,17,17,17,17,https://wfrc.org/programs/models-forecasting/,8163.41678031839,3496158.29286806
127,Juab County Other,Utah Statewide Travel Model,OTHEMP, ,133,140,148,152,158,166,170,178,184,189,195,201,207,212,217,225,230,237,243,247,254,258,264,269,274,280,287,291,295,303,310,314,319,327,331,336,https://wfrc.org/programs/models-forecasting/,912642.057207599,14836383651.215
128,Junction,Utah Statewide Travel Model,OTHEMP, ,101,103,105,106,108,110,110,111,112,113,114,115,118,119,119,120,122,124,125,126,127,129,130,131,132,134,135,136,137,138,139,141,142,143,144,146,https://wfrc.org/programs/models-forecasting/,37849.4390341646,55276927.2870663
129,Kamas,Summit Travel Model,OTHEMP, ,421,440,460,478,492,509,527,547,567,584,604,622,640,657,675,703,722,741,761,781,801,822,843,865,885,929,964,996,1028,1061,1094,1129,1164,1196,1229,1262,https://wfrc.org/programs/models-forecasting/,25489.6159611164,17691672.5944779
130,Kanab,Utah Statewide Travel Model,OTHEMP, ,2014,2073,2120,2156,2188,2216,2244,2267,2294,2319,2344,2369,2395,2422,2447,2473,2500,2530,2555,2584,2608,2636,2662,2681,2708,2736,2758,2785,2805,2832,2853,2877,2899,2921,2941,2964,https://wfrc.org/programs/models-forecasting/,35315.109007567,63685778.1033711
131,Kanarraville,Utah Statewide Travel Model,OTHEMP, ,12,12,12,12,13,12,12,12,13,13,13,13,13,13,13,13,13,13,13,13,13,13,13,13,13,13,13,13,13,13,13,14,15,15,15,15,https://wfrc.org/programs/models-forecasting/,6388.76713683451,2128941.42540534
132,Kane County Other,Utah Statewide Travel Model,OTHEMP, ,147,152,155,159,163,165,167,170,171,172,176,177,180,183,184,186,189,191,191,195,197,203,205,206,208,211,213,213,216,216,218,222,225,226,229,231,https://wfrc.org/programs/models-forecasting/,852010.566473863,16648236510.4684
133,Kanosh,Utah Statewide Travel Model,OTHEMP, ,22,23,23,23,24,25,25,26,27,27,27,28,28,28,28,29,29,30,30,31,31,31,32,32,32,32,32,33,34,34,34,34,34,36,37,37,https://wfrc.org/programs/models-forecasting/,7661.87621581743,2802488.85089885
134,Kaysville,WFRC-MAG Travel Model,OTHEMP,2019 RTP v8.3.1 20200508,5756,6005,6318,6572,6723,6806,6873,6940,6994,7057,7096,7150,7218,7272,7301,7337,7375,7401,7429,7450,7480,7518,7549,7541,7567,7600,7630,7664,7627,7664,7700,7738,7783,7813,7851,7888,https://wfrc.org/programs/models-forecasting/,40890.9298458748,53622636.3115025
135,Kearns,WFRC-MAG Travel Model,OTHEMP,2019 RTP v8.3.1 20200508,2347,2430,2487,2537,2604,2665,2712,2760,2784,2809,2838,2871,2901,2919,2948,2974,2994,3016,3041,3071,3098,3126,3159,3200,3237,3268,3297,3328,3363,3405,3446,3480,3519,3553,3570,3600,https://wfrc.org/programs/models-forecasting/,21833.5806052665,22861938.6582657
136,Kingston,Utah Statewide Travel Model,OTHEMP, ,0,0,0,0,0,0,0,0,0,0,0,0,0,0,0,0,0,0,0,0,0,0,0,0,0,0,0,0,0,0,0,0,0,0,0,0,https://wfrc.org/programs/models-forecasting/,28161.8283329187,23903814.2870922
137,Koosharem,Utah Statewide Travel Model,OTHEMP, ,30,31,31,33,33,33,34,34,34,35,37,37,37,38,38,38,38,39,40,40,40,40,40,41,41,41,41,41,43,43,43,43,43,44,44,44,https://wfrc.org/programs/models-forecasting/,10610.8834112466,4319955.2686565
138,La Verkin,Dixie Travel Model,OTHEMP, ,192,208,220,230,237,246,254,258,264,269,275,279,283,288,293,296,305,313,320,331,338,345,355,362,368,376,386,393,402,413,420,427,433,441,447,451,https://wfrc.org/programs/models-forecasting/,43560.6880253103,58768497.686346
139,Lake Shore,WFRC-MAG Travel Model,OTHEMP,2019 RTP v8.3.1 20200508,54,57,60,64,67,70,71,71,72,73,74,74,75,76,76,77,77,77,78,78,78,78,78,79,79,79,86,94,104,111,120,128,141,155,170,202,https://wfrc.org/programs/models-forecasting/,44442.8834583452,65552195.7599411
140,Laketown,Utah Statewide Travel Model,OTHEMP, ,91,93,94,95,96,97,99,100,101,103,104,106,107,109,110,111,112,114,116,116,118,118,121,121,122,123,126,128,131,132,134,137,139,141,144,145,https://wfrc.org/programs/models-forecasting/,21686.8899920956,12082922.7805935
141,Layton,WFRC-MAG Travel Model,OTHEMP,2019 RTP v8.3.1 20200508,17830,18366,18810,19426,19954,20542,21171,21645,22081,22450,22901,23481,24053,24518,24852,25218,25582,25958,26345,26660,26985,27379,27684,28025,28371,28732,29102,29532,30083,30476,30920,31332,31729,32234,32764,33279,https://wfrc.org/programs/models-forecasting/,70072.1196479555,118612016.076519
142,Leamington,Utah Statewide Travel Model,OTHEMP, ,3,3,3,3,3,4,4,5,5,5,5,5,5,5,5,5,5,5,5,5,5,6,6,6,6,6,6,6,6,6,6,6,6,6,6,6,https://wfrc.org/programs/models-forecasting/,11045.0286441014,6749686.07726239
143,Leeds,Dixie Travel Model,OTHEMP, ,37,39,42,42,44,45,49,51,53,54,57,58,61,63,64,65,69,71,74,76,77,80,83,86,88,89,94,96,99,103,105,108,109,113,115,118,https://wfrc.org/programs/models-forecasting/,34493.7290135615,33623554.7074503
144,Lehi,WFRC-MAG Travel Model,OTHEMP,2019 RTP v8.3.1 20200508,17834,19120,20777,22241,23357,24467,25192,25999,27305,28407,30003,30819,31775,32849,33769,34478,36283,37828,39245,40269,41388,42690,43689,44553,45434,45831,46711,47989,49086,50325,51435,52378,54150,55511,56791,58972,https://wfrc.org/programs/models-forecasting/,71393.81858221,124320303.662832
145,Levan,Utah Statewide Travel Model,OTHEMP, ,31,32,33,33,34,34,35,36,36,38,38,38,39,40,40,41,42,42,43,44,44,45,45,46,47,47,48,49,49,50,50,51,52,52,52,53,https://wfrc.org/programs/models-forecasting/,14136.9198209651,9840820.01734878
146,Lewiston,Cache Travel Model,OTHEMP, ,297,302,304,305,306,306,319,329,339,350,361,371,382,392,403,413,421,429,440,449,458,466,473,480,489,497,519,541,561,582,604,627,650,669,690,711,https://wfrc.org/programs/models-forecasting/,74587.8943176785,134008624.439015
147,Lindon,WFRC-MAG Travel Model,OTHEMP,2019 RTP v8.3.1 20200508,6113,6595,7100,7334,7537,7729,8131,8402,8600,8790,8905,9108,9316,9494,9690,10066,10176,10336,10479,10591,10863,11194,11348,11499,11657,11721,11971,12233,12493,12752,13069,13371,13661,13944,14141,14266,https://wfrc.org/programs/models-forecasting/,28588.3370097492,26210979.3592917
148,Loa,Utah Statewide Travel Model,OTHEMP, ,292,297,302,308,315,320,326,330,335,338,343,348,352,356,361,364,370,373,377,381,386,390,394,399,401,405,410,413,417,422,426,430,432,437,442,445,https://wfrc.org/programs/models-forecasting/,11833.9580604362,7073240.83691362
149,Logan,Cache Travel Model,OTHEMP, ,24097,24782,25351,25848,26307,26747,27129,27500,27857,28214,28540,28882,29208,29528,29844,30151,30709,31264,31811,32339,32873,33398,33917,34425,34939,35451,36003,36558,37115,37669,38214,38755,39300,39838,40372,40904,https://wfrc.org/programs/models-forecasting/,99220.8634590869,167839560.453501
150,Lyman,Utah Statewide Travel Model,OTHEMP, ,2,2,4,4,5,5,5,6,6,7,7,7,8,8,8,9,10,10,10,10,11,11,11,11,13,13,13,14,14,14,14,14,14,15,16,16,https://wfrc.org/programs/models-forecasting/,12803.6485563737,6435556.4662087
151,Lynndyl,Utah Statewide Travel Model,OTHEMP, ,6,6,6,6,6,6,6,6,6,6,6,7,7,7,7,7,7,7,7,7,7,8,8,8,8,8,8,8,8,8,8,8,8,8,8,8,https://wfrc.org/programs/models-forecasting/,21556.6125784004,16238820.3156289
152,Magna,WFRC-MAG Travel Model,OTHEMP,2019 RTP v8.3.1 20200508,2837,2925,3007,3110,3257,3389,3494,3596,3699,3805,3889,3978,4059,4154,4252,4293,4384,4487,4602,4718,4833,4952,5074,5187,5308,5442,5575,5684,5796,5896,5972,6071,6177,6269,6361,6426,https://wfrc.org/programs/models-forecasting/,56796.2370341192,90648684.0877221
153,Manilla,Utah Statewide Travel Model,OTHEMP, ,274,278,284,288,292,296,301,305,310,313,317,322,324,328,333,336,340,344,347,351,355,358,362,365,369,373,376,380,384,388,391,395,398,403,407,411,https://wfrc.org/programs/models-forecasting/,40980.5103924415,42612860.2502782
154,Manti,Utah Statewide Travel Model,OTHEMP, ,1470,1494,1514,1529,1541,1551,1562,1570,1577,1584,1591,1595,1601,1605,1611,1617,1625,1636,1644,1651,1659,1667,1676,1683,1690,1696,1703,1709,1717,1723,1729,1734,1737,1742,1745,1745,https://wfrc.org/programs/models-forecasting/,14231.5654553601,10023133.9232063
155,Mantua,Utah Statewide Travel Model,OTHEMP, ,43,43,43,44,44,44,44,45,45,46,46,46,46,47,47,48,48,48,48,49,49,50,50,50,50,51,51,52,52,52,53,53,54,54,54,55,https://wfrc.org/programs/models-forecasting/,26723.6315915498,26175282.4296207
156,Mapleton,WFRC-MAG Travel Model,OTHEMP,2019 RTP v8.3.1 20200508,674,722,790,857,921,1032,1143,1276,1374,1462,1540,1606,1677,1779,1925,2032,2114,2192,2241,2269,2308,2349,2379,2438,2480,2523,2561,2599,2649,2719,2788,2843,2891,2959,3010,3051,https://wfrc.org/programs/models-forecasting/,36315.0088758806,45842322.485178
157,Marriott-Slaterville,WFRC-MAG Travel Model,OTHEMP,2019 RTP v8.3.1 20200508,965,1048,1139,1235,1356,1524,1707,1875,1992,2095,2174,2228,2283,2332,2391,2433,2484,2533,2571,2612,2642,2682,2704,2736,2765,2790,2816,2843,2871,2890,2913,2938,2966,2992,3019,3036,https://wfrc.org/programs/models-forecasting/,39758.7538985558,37100094.5544821
158,Marysvale,Utah Statewide Travel Model,OTHEMP, ,69,71,71,71,74,74,75,77,78,79,79,81,82,83,84,85,86,87,89,89,91,91,92,94,94,97,97,97,99,100,101,102,103,105,106,106,https://wfrc.org/programs/models-forecasting/,41816.6959873542,74215677.7692333
159,Mayfield,Utah Statewide Travel Model,OTHEMP, ,28,29,30,30,31,31,32,32,33,34,34,35,35,36,36,37,37,38,38,39,39,40,40,41,41,42,42,42,43,44,44,45,45,45,46,46,https://wfrc.org/programs/models-forecasting/,13750.0663109737,3481435.41462482
160,Meadow,Utah Statewide Travel Model,OTHEMP, ,37,39,39,41,41,43,43,44,44,45,47,47,48,48,48,50,51,52,52,52,54,54,56,56,56,57,58,59,59,60,61,62,63,63,64,65,https://wfrc.org/programs/models-forecasting/,8153.78764795402,2162292.17808253
161,Mendon,Cache Travel Model,OTHEMP, ,122,125,128,131,134,135,138,142,146,149,151,154,156,159,163,166,169,170,171,172,175,176,177,177,180,181,182,182,183,183,183,183,183,183,183,183,https://wfrc.org/programs/models-forecasting/,18364.464675835,14499797.0726511
162,Midvale,WFRC-MAG Travel Model,OTHEMP,2019 RTP v8.3.1 20200508,12658,13130,13611,13987,14428,14772,15023,15319,15533,15775,16080,16369,16571,16781,16996,17194,17399,17643,17809,17982,18132,18297,18525,18703,18823,19078,19321,19492,19629,19845,20007,20233,20442,20648,20869,21091,https://wfrc.org/programs/models-forecasting/,27512.287437455,27655865.6668916
163,Midway,Utah Statewide Travel Model,OTHEMP, ,844,898,945,992,1037,1094,1132,1167,1203,1238,1275,1308,1344,1378,1408,1443,1465,1484,1505,1522,1543,1560,1579,1599,1616,1638,1668,1704,1737,1769,1805,1836,1871,1905,1939,1970,https://wfrc.org/programs/models-forecasting/,42481.1121627039,35511836.6015588
164,Milford,Utah Statewide Travel Model,OTHEMP, ,295,302,312,321,330,337,343,349,352,356,360,364,367,371,374,377,379,383,386,387,391,392,395,397,399,400,404,407,411,412,414,417,419,423,424,429,https://wfrc.org/programs/models-forecasting/,19439.6870171189,12559327.3860797
165,Millard County Other,Utah Statewide Travel Model,OTHEMP, ,421,439,454,464,479,492,502,518,529,542,549,564,575,582,599,610,620,629,638,653,663,674,686,697,709,720,732,741,751,761,773,786,795,804,814,825,https://wfrc.org/programs/models-forecasting/,908042.11579198,29272267360.6291
166,Millcreek,WFRC-MAG Travel Model,OTHEMP,2019 RTP v8.3.1 20200508,25839,26938,27915,28610,29095,29426,29720,29919,30059,30160,30223,30279,30344,30378,30392,30432,30447,30459,30455,30498,30518,30536,30560,30554,30548,30598,30613,30630,30716,30785,30878,30948,31042,31087,31186,31293,https://wfrc.org/programs/models-forecasting/,58974.2359061606,55552635.8122225
167,Millville,Cache Travel Model,OTHEMP, ,237,246,253,261,267,273,280,286,294,302,309,317,323,330,337,343,349,354,359,365,371,375,380,385,390,394,408,421,435,447,459,472,483,496,508,518,https://wfrc.org/programs/models-forecasting/,23960.547953298,11200063.2409847
168,Minersville,Utah Statewide Travel Model,OTHEMP, ,103,105,109,112,115,116,117,117,119,122,122,123,123,124,124,126,126,127,127,127,128,129,130,131,131,131,132,132,132,133,135,135,136,137,138,138,https://wfrc.org/programs/models-forecasting/,33890.319758869,36359110.7174934
169,Moab,Utah Statewide Travel Model,OTHEMP, ,2996,3105,3205,3293,3371,3445,3517,3584,3649,3713,3774,3829,3892,3950,4005,4061,4116,4175,4227,4277,4336,4387,4442,4497,4545,4596,4653,4710,4761,4817,4866,4918,4973,5024,5078,5131,https://wfrc.org/programs/models-forecasting/,31284.9315986581,31457606.8197248
170,Mona,Utah Statewide Travel Model,OTHEMP, ,106,108,110,113,114,116,118,120,122,123,125,127,130,131,134,135,137,139,140,143,145,147,149,150,152,154,155,158,159,162,164,165,167,169,171,172,https://wfrc.org/programs/models-forecasting/,14436.3145811359,11958215.0827358
171,Monroe,Utah Statewide Travel Model,OTHEMP, ,278,283,290,296,301,307,311,315,320,323,327,331,336,339,343,346,350,354,358,361,364,367,370,373,376,380,383,385,388,391,394,397,399,402,405,408,https://wfrc.org/programs/models-forecasting/,17035.4882756041,15168156.5747296
172,Monticello,Utah Statewide Travel Model,OTHEMP, ,1125,1146,1178,1213,1242,1269,1298,1326,1355,1382,1409,1435,1463,1486,1510,1536,1562,1585,1610,1633,1656,1678,1703,1724,1745,1766,1793,1809,1834,1855,1873,1894,1915,1936,1958,1977,https://wfrc.org/programs/models-forecasting/,34624.6213978702,32035614.2292339
173,Morgan,Utah Statewide Travel Model,OTHEMP, ,1332,1370,1401,1435,1470,1498,1531,1566,1597,1630,1662,1696,1725,1759,1793,1822,1857,1891,1930,1964,2000,2035,2071,2104,2141,2174,2206,2240,2277,2310,2343,2377,2411,2448,2478,2516,https://wfrc.org/programs/models-forecasting/,39407.7548084371,41764211.6781057
174,Morgan County Other,Utah Statewide Travel Model,OTHEMP, ,640,660,676,694,712,724,739,754,768,782,796,809,821,837,850,864,877,890,906,919,933,946,954,969,980,995,1011,1028,1044,1061,1079,1095,1112,1129,1144,1163,https://wfrc.org/programs/models-forecasting/,399987.850698071,2746095092.91744
175,Moroni,Utah Statewide Travel Model,OTHEMP, ,230,236,241,246,250,255,259,264,268,273,277,283,287,291,296,300,304,309,312,318,322,326,330,334,338,342,346,349,353,357,361,365,369,374,377,381,https://wfrc.org/programs/models-forecasting/,9835.16817262259,4622429.43898395
176,Mosida,WFRC-MAG Travel Model,OTHEMP,2019 RTP v8.3.1 20200508,0,0,0,0,0,0,0,0,0,0,0,0,0,0,0,0,0,0,0,0,0,0,0,0,0,0,0,0,0,0,0,0,0,0,0,0,https://wfrc.org/programs/models-forecasting/,36037.2907742155,61074012.6454217
177,Mount Pleasant,Utah Statewide Travel Model,OTHEMP, ,1033,1056,1079,1098,1116,1135,1155,1174,1192,1211,1229,1247,1268,1284,1302,1315,1333,1350,1366,1382,1397,1412,1427,1443,1457,1472,1485,1499,1512,1526,1541,1555,1567,1580,1593,1606,https://wfrc.org/programs/models-forecasting/,21032.1755282354,13379537.6715344
178,Murray,WFRC-MAG Travel Model,OTHEMP,2019 RTP v8.3.1 20200508,38727,40077,41377,42390,43040,43448,43758,44052,44281,44467,44646,44801,44931,45030,45157,45218,45364,45510,45659,45783,45921,46010,46116,46100,46084,46064,46200,46385,46442,46629,46652,46806,46919,47105,47272,47521,https://wfrc.org/programs/models-forecasting/,34606.8036755506,55270847.957215
179,Myton,Utah Statewide Travel Model,OTHEMP, ,158,159,164,169,172,176,179,182,184,187,190,192,194,196,199,201,203,205,207,209,211,213,215,216,218,220,222,224,225,227,228,230,232,233,235,236,https://wfrc.org/programs/models-forecasting/,8812.24601530891,4499540.18619806
180,Naples,Utah Statewide Travel Model,OTHEMP, ,638,653,683,713,740,683,710,734,759,780,805,826,849,870,891,911,930,948,966,983,1001,1018,1034,1050,1068,1083,1095,1105,1117,1126,1138,1146,1158,1168,1178,1188,https://wfrc.org/programs/models-forecasting/,37651.4645863078,41668581.3364578
181,Nephi,Utah Statewide Travel Model,OTHEMP, ,1826,1882,1935,1983,2036,2082,2131,2179,2228,2275,2319,2364,2410,2454,2499,2541,2590,2635,2680,2728,2773,2817,2859,2901,2944,2987,3032,3079,3124,3167,3210,3256,3298,3342,3385,3431,https://wfrc.org/programs/models-forecasting/,39008.2891857328,47696642.5893032
182,New Harmony,Dixie Travel Model,OTHEMP, ,3,3,3,3,3,4,4,4,5,5,5,5,6,6,6,6,6,6,7,7,7,7,7,8,8,8,8,8,8,8,8,9,9,9,9,9,https://wfrc.org/programs/models-forecasting/,11278.9888598793,5413094.99158073
183,Newton,Cache Travel Model,OTHEMP, ,59,59,61,61,61,61,61,61,61,61,61,61,61,61,61,61,61,62,63,63,64,65,65,67,68,68,69,70,70,71,71,73,73,73,75,75,https://wfrc.org/programs/models-forecasting/,12430.307577807,7066432.01108578
184,Nibley,Cache Travel Model,OTHEMP, ,1134,1192,1248,1303,1354,1401,1484,1564,1647,1730,1816,1896,1980,2064,2148,2233,2253,2275,2295,2314,2334,2354,2372,2389,2407,2423,2455,2485,2514,2543,2574,2604,2632,2661,2688,2718,https://wfrc.org/programs/models-forecasting/,30149.6037374513,26558416.5213359
185,North Logan,Cache Travel Model,OTHEMP, ,6186,6406,6602,6792,6970,7144,7325,7504,7676,7853,8029,8203,8374,8547,8716,8887,8962,9038,9109,9178,9245,9311,9375,9438,9503,9562,9614,9654,9697,9739,9779,9819,9859,9896,9935,9968,https://wfrc.org/programs/models-forecasting/,32095.7633863399,33788344.1987418
186,North Ogden,WFRC-MAG Travel Model,OTHEMP,2019 RTP v8.3.1 20200508,1380,1482,1622,1703,1772,1860,1917,1968,2003,2027,2045,2058,2070,2081,2091,2098,2107,2116,2125,2135,2146,2159,2177,2198,2219,2230,2245,2258,2272,2282,2289,2296,2303,2303,2311,2316,https://wfrc.org/programs/models-forecasting/,33614.509350084,36954262.6181157
187,North Salt Lake,WFRC-MAG Travel Model,OTHEMP,2019 RTP v8.3.1 20200508,9227,9341,9487,9652,9896,10107,10278,10374,10471,10564,10682,10759,10833,10902,11023,11102,11203,11306,11389,11473,11574,11681,11785,11863,11950,12033,12106,12156,12189,12235,12304,12363,12445,12496,12559,12629,https://wfrc.org/programs/models-forecasting/,27234.016477403,33068249.2930382
188,Oak City,Utah Statewide Travel Model,OTHEMP, ,29,29,30,30,31,31,32,32,33,33,33,34,34,35,35,36,36,36,37,37,38,39,38,40,40,40,40,40,41,42,42,42,43,43,44,44,https://wfrc.org/programs/models-forecasting/,9575.71403778784,4120418.42046898
189,Oakley,Summit Travel Model,OTHEMP, ,218,226,235,241,249,254,262,269,276,283,290,295,303,308,313,323,329,335,342,348,356,361,367,375,383,396,405,415,424,434,444,453,463,473,483,492,https://wfrc.org/programs/models-forecasting/,36817.5965672295,35077192.2832756
190,Ogden,WFRC-MAG Travel Model,OTHEMP,2019 RTP v8.3.1 20200508,44665,46097,47514,48998,50448,51565,52412,53189,53927,54586,55173,55809,56354,56866,57352,57806,58218,58568,58908,59210,59507,59820,60124,60384,60611,60898,61191,61491,61796,62096,62385,62646,62911,63175,63413,63658,https://wfrc.org/programs/models-forecasting/,76312.755023285,122050128.228331
191,Ophir,Utah Statewide Travel Model,OTHEMP, ,0,0,0,0,0,0,0,0,0,0,0,0,0,0,0,0,0,0,0,0,0,0,0,0,0,0,0,0,0,0,0,0,0,0,0,0,https://wfrc.org/programs/models-forecasting/,9198.2779079416,788791.970267867
192,Orangeville,Utah Statewide Travel Model,OTHEMP, ,210,214,219,222,225,228,232,235,237,239,243,244,247,252,252,256,259,261,265,269,271,273,277,281,283,285,290,292,296,298,301,305,308,311,314,318,https://wfrc.org/programs/models-forecasting/,18181.7153650213,9756984.95469255
193,Orderville,Utah Statewide Travel Model,OTHEMP, ,138,142,145,148,151,153,154,157,159,160,163,165,166,168,170,172,174,177,179,182,184,186,188,190,192,194,196,198,199,201,203,205,207,209,212,213,https://wfrc.org/programs/models-forecasting/,38610.8817844105,39329117.4727532
194,Orem,WFRC-MAG Travel Model,OTHEMP,2019 RTP v8.3.1 20200508,40317,41495,42433,43165,43590,44069,44279,44571,44713,44844,44992,45349,45584,45792,46104,46242,46303,46282,46309,46321,46382,46417,46448,46362,46070,46030,46175,46320,46302,46299,46449,46585,46193,46217,46369,46525,https://wfrc.org/programs/models-forecasting/,43272.7003711337,82472060.9806592
195,Palmyra,WFRC-MAG Travel Model,OTHEMP,2019 RTP v8.3.1 20200508,47,50,53,57,60,63,64,65,66,68,69,70,71,73,74,75,76,77,78,78,79,80,81,82,83,84,86,90,93,95,98,102,105,108,112,114,https://wfrc.org/programs/models-forecasting/,34362.115185097,41364162.1038115
196,Panguitch,Utah Statewide Travel Model,OTHEMP, ,619,632,645,657,665,675,688,699,709,716,727,736,746,753,760,770,778,786,795,804,812,821,829,837,846,854,861,870,878,886,896,902,910,919,928,935,https://wfrc.org/programs/models-forecasting/,17888.6869186938,10931978.309876
197,Paradise,Cache Travel Model,OTHEMP, ,50,52,53,53,54,55,56,57,58,58,59,60,60,61,61,62,64,64,65,65,65,66,66,66,67,69,69,70,70,71,72,72,74,76,76,76,https://wfrc.org/programs/models-forecasting/,13670.8783444361,7329556.37978075
198,Paragonah,Utah Statewide Travel Model,OTHEMP, ,8,8,8,8,9,9,9,9,9,9,9,9,9,9,9,9,9,9,9,9,9,9,9,9,9,10,10,10,10,10,10,10,10,10,10,10,https://wfrc.org/programs/models-forecasting/,10264.7209529417,3546318.96530995
199,Park City,Summit Travel Model,OTHEMP, ,13256,13713,14113,14462,14774,15053,15281,15545,15789,16021,16243,16443,16633,16804,16964,17306,17418,17530,17638,17757,17878,18005,18140,18274,18416,18854,19033,19213,19388,19561,19731,19904,20072,20229,20385,20537,https://wfrc.org/programs/models-forecasting/,52722.8009520225,86345241.3913506
200,Park City,Utah Statewide Travel Model,OTHEMP, ,0,0,0,0,0,0,0,0,0,0,0,0,0,0,0,0,0,0,0,0,0,0,0,0,0,0,0,0,0,0,0,0,0,0,0,0,https://wfrc.org/programs/models-forecasting/,5736.452133531,1656799.01917745
201,Parowan,Utah Statewide Travel Model,OTHEMP, ,547,562,574,584,594,601,612,620,628,638,648,657,665,673,680,689,700,706,713,723,730,738,745,754,761,770,777,783,793,800,810,814,825,829,839,845,https://wfrc.org/programs/models-forecasting/,38071.7861735255,43597613.1767839
202,Payson,WFRC-MAG Travel Model,OTHEMP,2019 RTP v8.3.1 20200508,3240,3527,3839,4147,4342,4468,4533,4598,4711,4861,4968,5050,5128,5201,5270,5404,5675,5908,6130,6273,6527,6748,7012,7262,7510,7743,8329,9008,9662,10503,11173,11840,12694,13424,13830,14325,https://wfrc.org/programs/models-forecasting/,68373.1566915584,133794052.55313
203,Perry,WFRC-MAG Travel Model,OTHEMP,2019 RTP v8.3.1 20200508,412,432,453,474,492,507,525,540,558,573,588,602,616,633,649,661,681,700,720,738,756,775,792,810,827,847,862,871,883,894,908,921,934,945,956,970,https://wfrc.org/programs/models-forecasting/,48385.6119168088,50069733.8421122
204,Piute County Other,Utah Statewide Travel Model,OTHEMP, ,5,5,5,6,7,7,8,8,8,8,8,9,9,10,11,11,11,12,12,12,13,13,13,13,15,15,15,15,16,16,16,17,17,17,17,19,https://wfrc.org/programs/models-forecasting/,391572.046108754,3030814916.85264
205,Plain City,WFRC-MAG Travel Model,OTHEMP,2019 RTP v8.3.1 20200508,386,407,429,453,471,480,493,501,508,513,522,525,531,536,539,535,540,542,549,550,555,557,557,560,562,565,567,569,572,573,576,579,581,584,586,587,https://wfrc.org/programs/models-forecasting/,39732.0899722165,47006374.58612
206,Pleasant Grove,WFRC-MAG Travel Model,OTHEMP,2019 RTP v8.3.1 20200508,10439,11593,12414,12822,13566,14060,14452,14700,14842,15017,15156,15254,15564,16152,16318,16495,16603,16814,17104,17323,17518,17665,17824,18030,18268,18769,19263,19625,19866,20066,20196,20485,20870,21193,21389,21578,https://wfrc.org/programs/models-forecasting/,31376.4235293058,41032990.7179165
207,Pleasant View,WFRC-MAG Travel Model,OTHEMP,2019 RTP v8.3.1 20200508,864,900,958,1017,1076,1124,1211,1326,1435,1516,1588,1642,1687,1722,1753,1783,1813,1837,1861,1888,1912,1936,1953,1977,2001,2029,2052,2072,2097,2126,2146,2173,2202,2227,2248,2276,https://wfrc.org/programs/models-forecasting/,31459.8677899468,36603439.3321872
208,Plymouth,Utah Statewide Travel Model,OTHEMP, ,10,10,10,10,11,11,12,12,12,12,13,13,13,14,14,14,14,15,15,16,16,16,16,17,17,17,17,17,17,16,16,16,16,15,15,15,https://wfrc.org/programs/models-forecasting/,8698.96414310733,3043505.17603707
209,Portage,Utah Statewide Travel Model,OTHEMP, ,20,20,20,20,20,20,20,20,21,21,21,21,21,21,21,21,22,22,22,22,22,22,22,22,23,23,23,23,23,23,23,23,24,24,24,24,https://wfrc.org/programs/models-forecasting/,25932.9620671584,14007444.0014592
210,Price,Utah Statewide Travel Model,OTHEMP, ,4479,4617,4785,4944,5088,5269,5372,5467,5558,5646,5734,5816,5903,5985,6062,6142,6220,6302,6374,6452,6524,6598,6671,6736,6808,6872,6949,7022,7100,7171,7251,7323,7396,7467,7541,7611,https://wfrc.org/programs/models-forecasting/,25732.0008776579,19512621.7632291
211,Providence,Cache Travel Model,OTHEMP, ,1772,1825,1872,1915,1954,1994,2048,2102,2157,2214,2265,2318,2373,2423,2475,2529,2563,2594,2629,2662,2695,2728,2760,2792,2823,2852,2885,2916,2949,2979,3010,3040,3069,3101,3131,3160,https://wfrc.org/programs/models-forecasting/,22243.0179682739,18375793.6821567
212,Provo,WFRC-MAG Travel Model,OTHEMP,2019 RTP v8.3.1 20200508,70219,71898,73228,74214,74811,75428,75868,76196,76770,77383,77885,78216,78568,78914,79342,79691,80111,80657,81309,81746,82142,82751,83371,84127,84947,85746,86041,86255,86746,87300,87639,87925,88378,88977,89348,89519,https://wfrc.org/programs/models-forecasting/,68283.017853794,117340137.650332
213,Randolph,Utah Statewide Travel Model,OTHEMP, ,198,202,205,208,211,214,213,214,213,213,212,211,212,211,210,210,212,214,216,219,222,224,226,228,230,232,234,236,237,239,241,243,246,247,249,251,https://wfrc.org/programs/models-forecasting/,47000.1144023472,51845257.6626349
214,Redmond,Utah Statewide Travel Model,OTHEMP, ,25,26,27,28,28,29,30,30,31,32,32,32,34,34,34,35,36,36,36,37,38,38,39,39,40,40,41,41,41,41,43,43,43,43,45,45,https://wfrc.org/programs/models-forecasting/,12484.4123600097,4892546.30069883
215,Rich County Other,Utah Statewide Travel Model,OTHEMP, ,71,72,73,75,76,76,78,78,79,79,80,80,81,82,83,83,84,85,86,87,88,88,89,90,91,92,92,93,93,94,94,95,95,96,96,97,https://wfrc.org/programs/models-forecasting/,535798.602717221,4924269332.66816
216,Richfield,Utah Statewide Travel Model,OTHEMP, ,3506,3594,3697,3792,3874,3944,4016,4081,4147,4211,4267,4330,4384,4438,4497,4550,4605,4660,4713,4763,4815,4863,4915,4962,5011,5055,5101,5146,5190,5237,5281,5320,5364,5405,5444,5487,https://wfrc.org/programs/models-forecasting/,31703.0842100768,21587327.0956488
217,Richmond,Cache Travel Model,OTHEMP, ,402,412,419,423,427,431,436,440,444,448,451,455,459,463,467,469,472,476,478,481,487,491,493,496,501,502,513,522,531,540,551,564,572,582,593,602,https://wfrc.org/programs/models-forecasting/,22637.9613493616,16810565.2220127
218,River Heights,Cache Travel Model,OTHEMP, ,435,444,453,460,470,476,478,479,481,482,484,485,487,487,488,490,491,491,492,493,493,493,494,494,495,495,497,499,502,504,506,509,511,514,517,519,https://wfrc.org/programs/models-forecasting/,11162.6663619952,4780493.66709307
219,Riverdale,WFRC-MAG Travel Model,OTHEMP,2019 RTP v8.3.1 20200508,4441,4738,5214,5648,5912,6091,6303,6448,6630,6793,6949,7075,7201,7306,7421,7515,7589,7695,7774,7870,7934,7989,8044,8094,8143,8163,8217,8262,8302,8347,8374,8436,8482,8551,8620,8679,https://wfrc.org/programs/models-forecasting/,23134.4667965833,22156115.8590208
220,Riverton,WFRC-MAG Travel Model,OTHEMP,2019 RTP v8.3.1 20200508,6004,6343,6690,7153,7869,8610,9200,9806,10330,10915,11510,12081,12609,13127,13567,13927,14306,14605,14840,15039,15332,15629,15882,16171,16452,16752,16984,17230,17433,17600,17842,18056,18322,18537,18695,18836,https://wfrc.org/programs/models-forecasting/,41985.6609533864,56669849.1304283
221,Rockville,Dixie Travel Model,OTHEMP, ,16,18,20,21,22,23,25,26,28,30,31,33,34,36,37,39,40,41,42,44,46,47,48,49,51,52,54,56,57,59,61,62,64,65,67,68,https://wfrc.org/programs/models-forecasting/,38549.0479976493,38192687.7552041
222,Rocky Ridge,Utah Statewide Travel Model,OTHEMP, ,13,13,14,14,14,13,13,13,13,14,14,14,14,14,14,14,14,15,15,15,15,15,15,15,16,16,17,17,17,17,17,17,17,18,18,18,https://wfrc.org/programs/models-forecasting/,19172.831364658,10273964.1266273
223,Roosevelt,Utah Statewide Travel Model,OTHEMP, ,3398,3440,3567,3697,3807,3890,3979,4060,4135,4208,4279,4343,4405,4469,4528,4583,4646,4704,4764,4817,4872,4925,4978,5027,5076,5129,5178,5225,5273,5320,5365,5409,5459,5503,5546,5589,https://wfrc.org/programs/models-forecasting/,69190.0968726453,57521302.1817905
224,Roy,WFRC-MAG Travel Model,OTHEMP,2019 RTP v8.3.1 20200508,4920,5155,5363,5526,5688,5787,5905,5996,6101,6217,6343,6475,6601,6692,6769,6850,6925,6973,7063,7138,7227,7286,7349,7410,7457,7504,7550,7591,7616,7648,7687,7723,7748,7775,7802,7828,https://wfrc.org/programs/models-forecasting/,26899.4317247209,33872978.0293771
225,Rush Valley,Utah Statewide Travel Model,OTHEMP, ,31,32,32,32,32,32,32,31,31,31,31,31,31,31,31,31,31,31,31,31,31,31,31,31,31,31,30,30,30,30,30,30,30,30,30,30,https://wfrc.org/programs/models-forecasting/,49891.2512607837,115680965.657151
226,Salem,WFRC-MAG Travel Model,OTHEMP,2019 RTP v8.3.1 20200508,681,794,946,1099,1254,1373,1423,1461,1502,1548,1585,1646,1699,1742,1821,1901,2004,2167,2337,2491,2713,3054,3470,3824,4166,4442,4658,4925,5389,5705,6051,6490,6778,6987,7472,7823,https://wfrc.org/programs/models-forecasting/,43782.8260391263,64139975.7316911
227,Salina,Utah Statewide Travel Model,OTHEMP, ,614,641,673,704,732,749,775,797,819,836,855,876,895,913,930,947,966,984,1001,1018,1036,1051,1068,1085,1101,1115,1129,1145,1160,1177,1192,1205,1218,1231,1246,1259,https://wfrc.org/programs/models-forecasting/,33824.2081092514,28830663.6804391
228,Salt Lake City,WFRC-MAG Travel Model,OTHEMP,2019 RTP v8.3.1 20200508,202761,207891,212723,216825,220769,224285,227933,232059,235745,238602,241209,243500,245606,247896,250223,252745,255164,257762,260506,262669,264848,267134,269702,271941,273971,275472,277218,279240,281457,284371,287488,290047,292288,294476,296276,297990,https://wfrc.org/programs/models-forecasting/,124891.549527485,447776121.631642
229,Salt Lake County-Sandy,WFRC-MAG Travel Model,OTHEMP,2019 RTP v8.3.1 20200508,304,317,338,358,371,383,391,394,394,394,398,400,401,401,402,404,402,403,403,405,405,405,405,406,405,405,405,406,407,405,405,406,407,402,402,402,https://wfrc.org/programs/models-forecasting/,9715.18245693088,2910241.80790371
230,Salt Lake County-West,WFRC-MAG Travel Model,OTHEMP,2019 RTP v8.3.1 20200508,73,108,180,293,458,665,891,1116,1304,1487,1664,1838,1995,2134,2258,2390,2514,2630,2774,2963,3175,3519,3895,4277,4649,5071,5489,5950,6408,6897,7362,7930,8642,9360,10119,10870,https://wfrc.org/programs/models-forecasting/,235149.198063743,253177549.0709
231,Salt Lake County Other,Utah Statewide Travel Model,OTHEMP, ,363,382,405,425,445,461,478,494,506,520,533,545,556,569,579,592,603,614,626,637,649,659,669,681,690,701,711,721,731,741,750,761,770,779,787,796,https://wfrc.org/programs/models-forecasting/,538477.659122936,1326000419.01423
232,San Juan County Other,Utah Statewide Travel Model,OTHEMP, ,475,490,510,531,553,570,594,610,628,644,664,678,696,714,729,746,761,777,794,807,823,839,852,867,880,897,910,923,941,954,966,980,995,1008,1021,1036,https://wfrc.org/programs/models-forecasting/,1140485.54642073,32705446699.3297
233,Sandy,WFRC-MAG Travel Model,OTHEMP,2019 RTP v8.3.1 20200508,37476,39097,40977,43306,45117,47482,49967,51083,52206,52940,53645,54524,55932,57119,57723,58430,59292,60217,60966,61809,62479,63032,63719,64589,65456,66523,67710,69219,70713,71658,72500,73198,73655,74122,74843,75622,https://wfrc.org/programs/models-forecasting/,80108.5878387885,111014302.809288
234,Sanpete County Other,Utah Statewide Travel Model,OTHEMP, ,390,420,448,481,511,545,581,614,651,686,722,758,795,831,869,909,950,992,1035,1074,1119,1161,1202,1243,1285,1329,1375,1416,1455,1495,1532,1569,1610,1651,1698,1747,https://wfrc.org/programs/models-forecasting/,576231.555810872,6850624459.26064
235,Santa Clara,Dixie Travel Model,OTHEMP, ,810,840,858,870,884,899,929,956,986,1017,1049,1078,1107,1138,1164,1189,1216,1241,1264,1287,1310,1335,1360,1380,1404,1428,1457,1487,1515,1542,1569,1597,1623,1649,1673,1692,https://wfrc.org/programs/models-forecasting/,27902.7632941677,21320597.2768538
236,Santaquin,WFRC-MAG Travel Model,OTHEMP,2019 RTP v8.3.1 20200508,425,521,632,782,910,994,1151,1316,1510,1751,2023,2281,2537,2753,2951,3132,3301,3449,3687,3804,3963,4086,4397,4567,4715,4800,5278,5492,5718,5925,6144,6473,6815,7138,7467,7880,https://wfrc.org/programs/models-forecasting/,56537.8488769454,75541637.2101481
237,Saratoga Springs,WFRC-MAG Travel Model,OTHEMP,2019 RTP v8.3.1 20200508,2267,2958,3575,4150,4729,5433,6732,8093,9107,10144,11287,12739,13955,15060,16526,17733,18730,19767,21175,22581,23964,25050,25879,26860,28220,29706,30860,32108,33361,34332,35231,36735,37608,38496,39585,40512,https://wfrc.org/programs/models-forecasting/,107904.173777788,127733037.478249
238,Scipio,Utah Statewide Travel Model,OTHEMP, ,8,8,9,10,10,9,9,9,11,11,11,11,11,11,11,11,11,11,12,13,13,13,14,14,14,14,14,14,14,14,14,14,14,14,14,14,https://wfrc.org/programs/models-forecasting/,10242.040567501,4783917.37341704
239,Scofield,Utah Statewide Travel Model,OTHEMP, ,11,12,12,12,12,13,13,13,13,13,14,14,14,14,14,14,14,15,15,15,15,15,16,16,16,16,16,16,16,16,16,16,17,17,17,17,https://wfrc.org/programs/models-forecasting/,13200.8651651676,3638009.01811132
240,Sevier County Other,Utah Statewide Travel Model,OTHEMP, ,247,258,271,285,296,305,310,320,331,340,343,353,368,377,384,395,400,407,412,420,425,433,439,445,452,457,464,473,478,483,492,500,503,510,515,520,https://wfrc.org/programs/models-forecasting/,627753.75340842,8066506488.94943
241,Sigurd,Utah Statewide Travel Model,OTHEMP, ,22,24,29,33,37,39,42,45,48,50,51,54,56,58,62,64,67,70,73,74,76,78,81,83,85,87,89,91,94,95,96,99,102,103,105,107,https://wfrc.org/programs/models-forecasting/,26298.8520689595,9770290.59654322
242,Smithfield,Cache Travel Model,OTHEMP, ,1642,1699,1750,1795,1836,1881,1929,1984,2038,2090,2143,2193,2245,2296,2346,2396,2443,2492,2535,2585,2627,2675,2716,2761,2805,2849,2853,2860,2865,2872,2877,2879,2882,2885,2888,2890,https://wfrc.org/programs/models-forecasting/,31725.9231390171,32627775.1477686
243,Snowville,Utah Statewide Travel Model,OTHEMP, ,30,31,31,32,32,33,34,34,35,36,37,38,38,39,40,40,41,41,41,41,41,41,41,42,42,42,42,42,42,42,43,43,43,43,44,44,https://wfrc.org/programs/models-forecasting/,11102.7583449802,7336421.51994852
244,South Jordan,WFRC-MAG Travel Model,OTHEMP,2019 RTP v8.3.1 20200508,21069,21720,22481,23337,24241,25003,25901,26722,27524,28488,29291,30164,30959,31770,32513,33247,34054,34754,35485,36290,37044,37944,38684,39296,40021,40766,41446,42087,42701,43189,43660,44038,44579,45272,45942,46506,https://wfrc.org/programs/models-forecasting/,54838.2824446483,98139668.8921572
245,South Ogden,WFRC-MAG Travel Model,OTHEMP,2019 RTP v8.3.1 20200508,7979,8233,8418,8554,8658,8894,9007,9079,9202,9410,9564,9620,9668,9772,9847,9911,9958,10017,10069,10099,10123,10137,10144,10170,10203,10213,10244,10263,10286,10318,10341,10359,10380,10392,10400,10426,https://wfrc.org/programs/models-forecasting/,30879.0391524616,22527383.4618634
246,South Salt Lake,WFRC-MAG Travel Model,OTHEMP,2019 RTP v8.3.1 20200508,20691,21574,22402,23204,23893,24373,24727,25047,25254,25466,25664,25897,26149,26360,26544,26743,26967,27161,27376,27538,27690,27901,28087,28283,28438,28578,28762,28970,29141,29322,29524,29711,29905,30097,30312,30481,https://wfrc.org/programs/models-forecasting/,26082.7244905329,30894071.820739
247,South Weber,WFRC-MAG Travel Model,OTHEMP,2019 RTP v8.3.1 20200508,180,184,188,200,229,275,328,379,446,513,577,624,661,726,776,834,887,922,951,973,1011,1067,1108,1162,1215,1271,1343,1410,1471,1529,1598,1676,1746,1813,1882,1955,https://wfrc.org/programs/models-forecasting/,29377.9417504951,20014477.2701692
248,Spanish Fork,WFRC-MAG Travel Model,OTHEMP,2019 RTP v8.3.1 20200508,10621,11567,12375,13159,13643,14111,15074,15559,15912,16465,17011,17530,18046,18441,18990,19589,19936,20373,20815,21260,21819,22479,23341,23839,24265,24660,25103,25461,26004,26568,27112,27687,28157,28704,29293,30412,https://wfrc.org/programs/models-forecasting/,61865.2280340507,104477916.126036
249,Spring City,Utah Statewide Travel Model,OTHEMP, ,72,72,74,75,77,78,80,80,81,83,84,85,86,87,89,90,91,92,93,94,95,96,97,98,99,100,101,102,103,104,105,107,108,109,111,112,https://wfrc.org/programs/models-forecasting/,10258.807112686,5545134.39598974
250,Springdale,Dixie Travel Model,OTHEMP, ,300,348,382,413,443,474,508,543,579,616,655,690,726,758,789,819,854,887,919,952,983,1016,1047,1079,1110,1140,1180,1220,1259,1296,1333,1370,1405,1439,1471,1502,https://wfrc.org/programs/models-forecasting/,23794.9637163693,20063674.4935674
251,Springville,WFRC-MAG Travel Model,OTHEMP,2019 RTP v8.3.1 20200508,6309,6745,7182,7604,8163,8619,8983,9358,9883,10275,10691,11236,11685,12073,12580,13063,13391,13795,14167,14521,14810,15183,15562,15891,16318,16833,17438,17923,18346,18642,19244,19684,20139,20540,20932,21210,https://wfrc.org/programs/models-forecasting/,63340.7600837704,74924644.8666458
252,St. George,Dixie Travel Model,OTHEMP, ,35854,37647,38875,40115,41336,42439,43804,45130,46403,47635,48849,50036,51207,52389,53569,54742,55979,57220,58445,59641,60796,61915,63015,64087,65127,66139,67025,67894,68752,69572,70374,71163,71935,72694,73451,74174,https://wfrc.org/programs/models-forecasting/,172653.867331776,338016429.216237
253,Sterling,Utah Statewide Travel Model,OTHEMP, ,3,3,3,3,3,3,3,3,3,4,4,4,5,5,5,5,5,5,5,5,5,5,5,5,5,5,6,6,6,6,7,7,7,7,7,7,https://wfrc.org/programs/models-forecasting/,7890.74279776968,2458919.25669259
254,Stockton,Utah Statewide Travel Model,OTHEMP, ,43,44,45,46,47,47,49,49,49,50,51,51,52,53,53,53,53,55,55,55,55,56,57,57,57,58,59,59,59,59,59,61,61,61,61,61,https://wfrc.org/programs/models-forecasting/,18046.4203386612,12585314.2767332
255,Summit County Other,Summit Travel Model,OTHEMP, ,7913,8238,8518,8775,9015,9239,9515,9729,9941,10152,10364,10587,10821,11064,11318,11370,11671,11974,12275,12562,12838,13116,13364,13615,13859,13769,13975,14177,14381,14591,14797,15002,15216,15428,15645,15857,https://wfrc.org/programs/models-forecasting/,773713.206916897,8333486292.86588
256,Sunset,WFRC-MAG Travel Model,OTHEMP,2019 RTP v8.3.1 20200508,1018,1078,1151,1527,1566,1640,2200,2367,2915,3178,3382,3620,3472,3638,4070,4162,4468,4669,4920,3562,5283,5632,6175,6375,7243,5160,6735,7371,7423,7967,7369,7777,8288,8234,8054,8507,https://wfrc.org/programs/models-forecasting/,12578.7733054721,7910135.17628817
257,Syracuse,WFRC-MAG Travel Model,OTHEMP,2019 RTP v8.3.1 20200508,1943,2025,2138,2301,2521,2749,3011,3327,3717,4136,4573,5110,5615,6187,6717,7243,7746,8162,8532,8859,9274,9687,10008,10489,10887,11376,11733,11996,12199,12472,12777,13044,13296,13625,13920,14187,https://wfrc.org/programs/models-forecasting/,37303.9140030122,61703299.7173866
258,Taylorsville,WFRC-MAG Travel Model,OTHEMP,2019 RTP v8.3.1 20200508,16766,17214,17607,17931,18263,18550,18749,18955,19074,19249,19427,19626,19797,19958,20143,20322,20458,20604,20760,20891,21027,21168,21307,21470,21609,21681,21853,22032,22174,22300,22450,22606,22671,22804,22994,23182,https://wfrc.org/programs/models-forecasting/,38650.4591443092,49004861.3834924
259,Tooele City,Utah Statewide Travel Model,OTHEMP, ,7799,8027,8224,8411,8578,8724,8861,8984,9118,9255,9391,9522,9645,9765,9889,10013,10106,10206,10305,10406,10506,10614,10734,10845,10969,11097,11190,11274,11364,11451,11547,11637,11738,11829,11926,12028,https://wfrc.org/programs/models-forecasting/,66803.9404528217,141172234.631941
260,Tooele County Other,Utah Statewide Travel Model,OTHEMP, ,2365,2449,2520,2574,2634,2684,2787,2865,2941,3000,3048,3110,3170,3236,3302,3348,3453,3549,3639,3728,3803,3874,3935,3979,4024,4035,4126,4201,4283,4358,4428,4498,4563,4625,4679,4737,https://wfrc.org/programs/models-forecasting/,1024357.03718945,32025360656.3686
261,Toquerville,Dixie Travel Model,OTHEMP, ,83,86,90,90,95,97,103,107,114,121,127,133,138,146,149,156,163,169,173,177,183,189,198,203,207,213,251,282,318,353,390,421,459,492,524,555,https://wfrc.org/programs/models-forecasting/,40622.5029842139,57100231.4558196
262,Torrey,Utah Statewide Travel Model,OTHEMP, ,26,27,28,29,29,31,31,31,32,32,33,34,34,34,36,36,36,37,37,37,38,38,39,40,40,40,41,42,42,42,43,43,43,45,45,45,https://wfrc.org/programs/models-forecasting/,6168.13934777503,2229328.44134713
263,Tremonton,Utah Statewide Travel Model,OTHEMP, ,1983,2059,2128,2194,2253,2305,2351,2396,2441,2479,2522,2563,2603,2639,2681,2718,2760,2801,2843,2882,2923,2961,3002,3039,3076,3116,3185,3251,3320,3387,3457,3526,3594,3663,3732,3802,https://wfrc.org/programs/models-forecasting/,53139.904710878,69321564.8367949
264,Trenton,Cache Travel Model,OTHEMP, ,13,14,14,14,14,15,15,15,15,16,16,16,16,17,17,17,18,18,18,18,18,19,19,19,19,19,20,20,20,20,20,21,21,21,21,21,https://wfrc.org/programs/models-forecasting/,42156.1877132978,46183858.9091894
265,Tropic,Utah Statewide Travel Model,OTHEMP, ,160,166,171,176,179,183,188,191,196,199,203,206,210,213,216,220,223,226,230,233,236,240,243,246,248,252,255,258,262,265,268,271,274,277,279,283,https://wfrc.org/programs/models-forecasting/,30633.6429192582,34224095.5147149
266,Uintah,WFRC-MAG Travel Model,OTHEMP,2019 RTP v8.3.1 20200508,280,306,325,333,337,339,342,347,351,354,356,357,358,359,360,360,361,361,362,362,362,363,363,363,364,364,364,365,365,365,365,365,365,366,366,366,https://wfrc.org/programs/models-forecasting/,13062.3014997848,5388699.43083992
267,Uintah County Other,Utah Statewide Travel Model,OTHEMP, ,2085,2114,2179,2242,2297,2386,2429,2474,2515,2558,2595,2635,2672,2706,2742,2772,2810,2846,2882,2917,2950,2980,3015,3050,3079,3111,3146,3177,3214,3245,3278,3312,3342,3377,3413,3446,https://wfrc.org/programs/models-forecasting/,784193.565984112,19798001855.5048
268,Utah County,WFRC-MAG Travel Model,OTHEMP,2019 RTP v8.3.1 20200508,3,4,5,6,7,8,8,9,9,9,9,10,10,10,11,11,11,11,12,12,12,12,12,13,13,13,13,13,13,13,14,14,14,14,14,14,https://wfrc.org/programs/models-forecasting/,257597.358537732,398515399.652328
269,Utah County Other,Utah Statewide Travel Model,OTHEMP, ,159,167,175,181,189,193,196,201,207,211,216,222,225,232,235,241,246,250,255,261,265,272,275,281,285,294,299,305,311,315,323,329,333,339,347,353,https://wfrc.org/programs/models-forecasting/,957141.476607489,6255221268.11248
270,Utah Lake,WFRC-MAG Travel Model,OTHEMP,2019 RTP v8.3.1 20200508,0,0,0,0,0,0,0,0,0,0,0,0,0,0,0,0,0,0,0,0,0,0,0,0,0,0,0,0,0,0,0,0,0,0,0,0,https://wfrc.org/programs/models-forecasting/,205176.644787457,735704151.98549
271,Vernal,Utah Statewide Travel Model,OTHEMP, ,4765,4844,5015,5184,5327,5475,5599,5716,5831,5940,6042,6147,6241,6336,6430,6518,6613,6704,6796,6884,6971,7054,7136,7220,7299,7382,7461,7544,7626,7703,7783,7863,7943,8023,8096,8176,https://wfrc.org/programs/models-forecasting/,32320.3240788106,35738524.0586601
272,Vernon,Utah Statewide Travel Model,OTHEMP, ,8,8,8,8,8,8,7,7,7,7,7,6,6,6,6,6,6,6,6,6,6,7,7,7,7,7,7,7,8,8,8,8,8,8,8,8,https://wfrc.org/programs/models-forecasting/,29112.8538123439,34365668.0228665
273,Vineyard,WFRC-MAG Travel Model,OTHEMP,2019 RTP v8.3.1 20200508,747,1028,1134,1201,1467,1622,1970,2471,2779,3245,3473,3699,3927,4419,4949,5279,5497,5805,6016,6724,6932,7136,7349,7842,8364,9029,9514,9788,10284,10598,11374,12076,12311,12350,13136,13573,https://wfrc.org/programs/models-forecasting/,20865.9450919306,21371704.4357173
274,Virgin,Dixie Travel Model,OTHEMP, ,124,127,129,131,134,137,139,141,145,147,149,152,154,156,157,159,163,167,170,173,177,180,185,189,192,195,199,204,208,211,216,219,223,227,230,234,https://wfrc.org/programs/models-forecasting/,38885.1525570746,52623329.368981
275,Wales,Utah Statewide Travel Model,OTHEMP, ,29,30,30,30,32,32,32,33,34,34,34,35,36,36,36,36,36,37,38,38,39,39,40,40,40,41,41,42,42,42,43,44,44,44,45,45,https://wfrc.org/programs/models-forecasting/,6024.65434661488,2192110.07466366
276,Wallsburg,Utah Statewide Travel Model,OTHEMP, ,13,13,14,14,14,14,14,14,14,14,14,14,14,14,14,14,14,14,15,15,15,15,16,16,16,16,16,16,16,16,16,17,17,17,17,17,https://wfrc.org/programs/models-forecasting/,17861.6470572473,14323701.8776008
277,Wasatch County Other,Summit Travel Model,OTHEMP, ,314,319,326,330,333,355,362,370,378,384,391,396,403,408,413,420,428,436,444,452,461,468,475,483,491,497,498,499,502,504,505,507,508,509,511,512,https://wfrc.org/programs/models-forecasting/,114212.800110202,168708377.792765
278,Wasatch County Other,Utah Statewide Travel Model,OTHEMP, ,955,975,998,1017,1039,1127,1159,1196,1231,1260,1298,1328,1361,1397,1430,1467,1519,1572,1622,1674,1726,1789,1838,1892,1944,1999,2011,2025,2044,2061,2077,2091,2105,2120,2137,2150,https://wfrc.org/programs/models-forecasting/,669314.327567459,4887522597.60503
279,Washington,Dixie Travel Model,OTHEMP, ,2727,2888,3043,3186,3334,3542,3741,3941,4146,4355,4572,4777,4974,5174,5355,5540,5724,5900,6070,6254,6415,6590,6760,6923,7087,7251,7454,7651,7850,8038,8222,8400,8573,8738,8894,9058,https://wfrc.org/programs/models-forecasting/,73097.6199125695,114578504.700279
280,Washington Other,Dixie Travel Model,OTHEMP, ,364,380,391,402,413,425,439,449,463,474,493,508,519,533,546,563,578,595,613,635,661,683,714,749,784,827,878,933,987,1049,1105,1163,1220,1278,1337,1392,https://wfrc.org/programs/models-forecasting/,1056552.26102459,7902873905.13842
281,Washington Terrace,WFRC-MAG Travel Model,OTHEMP,2019 RTP v8.3.1 20200508,3001,3054,3095,3135,3168,3203,3250,3304,3320,3347,3358,3367,3399,3409,3418,3433,3442,3461,3471,3472,3501,3535,3552,3563,3570,3576,3579,3582,3587,3590,3594,3600,3602,3606,3609,3614,https://wfrc.org/programs/models-forecasting/,15662.4385191568,9420660.97224689
282,Wayne County Other,Utah Statewide Travel Model,OTHEMP, ,129,134,141,148,153,156,161,163,169,172,178,180,184,186,191,193,197,201,203,207,209,210,216,221,222,225,227,232,234,238,239,244,245,249,252,256,https://wfrc.org/programs/models-forecasting/,632385.527871763,10363410979.1496
283,Weber County,WFRC-MAG Travel Model,OTHEMP,2019 RTP v8.3.1 20200508,280,293,309,323,335,346,357,361,366,372,375,414,466,530,593,668,744,820,892,961,1032,1102,1172,1232,1293,1341,1384,1430,1480,1548,1596,1636,1668,1704,1735,1764,https://wfrc.org/programs/models-forecasting/,113463.106481831,270052511.201321
284,Weber County-East,WFRC-MAG Travel Model,OTHEMP,2019 RTP v8.3.1 20200508,144,157,173,184,191,195,200,204,206,208,211,212,214,216,218,218,218,219,220,221,221,221,223,225,226,226,227,228,229,228,229,229,230,230,230,230,https://wfrc.org/programs/models-forecasting/,12894.7848916644,6467535.03214637
285,Weber County Other,Utah Statewide Travel Model,OTHEMP, ,1120,1160,1208,1246,1286,1323,1348,1377,1401,1423,1443,1462,1479,1497,1509,1525,1536,1549,1559,1574,1581,1590,1600,1608,1615,1621,1627,1633,1643,1649,1656,1658,1665,1669,1674,1679,https://wfrc.org/programs/models-forecasting/,436317.987386875,2217329403.54505
286,Wellington,Utah Statewide Travel Model,OTHEMP, ,99,104,115,124,133,136,143,150,157,164,168,176,179,185,191,197,204,208,213,218,224,229,234,239,245,248,252,257,260,264,268,272,277,280,284,288,https://wfrc.org/programs/models-forecasting/,38176.1218321206,30060397.7750582
287,Wellsville,Cache Travel Model,OTHEMP, ,511,531,545,558,574,586,600,616,631,646,663,676,690,704,719,733,743,753,767,778,790,800,811,820,830,840,854,870,885,901,913,930,944,959,975,990,https://wfrc.org/programs/models-forecasting/,54025.089566203,60184197.6156312
288,Wendover,Utah Statewide Travel Model,OTHEMP, ,624,620,641,667,688,696,704,709,716,723,730,737,743,749,754,761,764,768,773,777,781,786,790,797,801,808,818,829,840,851,863,874,885,896,908,920,https://wfrc.org/programs/models-forecasting/,31745.4612170399,42580860.9963483
289,West Bountiful,WFRC-MAG Travel Model,OTHEMP,2019 RTP v8.3.1 20200508,1349,1381,1411,1451,1502,1579,1661,1745,1800,1893,1969,2038,2139,2258,2406,2530,2640,2722,2805,2859,2926,3012,3092,3172,3262,3391,3539,3701,3887,4063,4223,4388,4576,4672,4835,5034,https://wfrc.org/programs/models-forecasting/,17867.0070843365,16357854.0651286
290,West Haven,WFRC-MAG Travel Model,OTHEMP,2019 RTP v8.3.1 20200508,2170,2255,2364,2552,2750,2978,3345,3717,4027,4284,4573,4838,5065,5269,5433,5595,5822,6019,6190,6351,6492,6612,6734,6860,6999,7139,7278,7405,7526,7613,7737,7858,7980,8086,8180,8267,https://wfrc.org/programs/models-forecasting/,41420.980354083,57998725.6622491
291,West Jordan,WFRC-MAG Travel Model,OTHEMP,2019 RTP v8.3.1 20200508,18867,19918,20933,21881,22800,23625,24344,25093,25839,26615,27536,28462,29342,30182,31142,31955,32797,33612,34583,35547,36602,37591,38624,39469,40146,40855,41671,42556,43338,44063,44770,45513,46319,47049,47811,48566,https://wfrc.org/programs/models-forecasting/,67294.8063068125,151858374.608911
292,West Mountain,WFRC-MAG Travel Model,OTHEMP,2019 RTP v8.3.1 20200508,0,0,0,0,0,0,0,0,0,0,0,0,0,0,0,0,0,0,0,0,0,0,0,0,0,0,0,0,0,0,0,0,0,0,0,0,https://wfrc.org/programs/models-forecasting/,14637.1015983112,10532311.7293511
293,West Point,WFRC-MAG Travel Model,OTHEMP,2019 RTP v8.3.1 20200508,396,409,430,460,508,533,555,576,596,620,656,696,743,796,824,841,852,872,890,903,928,959,999,1045,1094,1147,1197,1231,1278,1314,1361,1410,1465,1541,1554,1590,https://wfrc.org/programs/models-forecasting/,28940.0128719285,25771070.6100634
294,West Valley City,WFRC-MAG Travel Model,OTHEMP,2019 RTP v8.3.1 20200508,44405,46126,48050,49875,51404,52846,54153,55428,56424,57502,58414,59123,59777,60498,61331,62079,62898,63715,64557,65629,66799,67589,68335,69213,70179,71098,71886,72669,73318,73984,74669,75538,76298,76875,77552,78209,https://wfrc.org/programs/models-forecasting/,78457.2709518019,159679857.189402
295,White City,WFRC-MAG Travel Model,OTHEMP,2019 RTP v8.3.1 20200508,214,228,248,263,272,276,278,280,281,281,283,283,283,284,284,285,285,285,286,286,287,287,287,288,288,288,288,288,288,288,288,288,288,288,288,288,https://wfrc.org/programs/models-forecasting/,8916.12094471678,3228113.00846765
296,Willard,WFRC-MAG Travel Model,OTHEMP,2019 RTP v8.3.1 20200508,83,85,88,90,91,93,96,95,96,97,98,99,99,101,101,103,104,105,106,106,108,110,110,112,113,115,117,119,122,124,126,128,130,134,138,140,https://wfrc.org/programs/models-forecasting/,26632.8089742571,21839566.7513732
297,Woodland Hills,WFRC-MAG Travel Model,OTHEMP,2019 RTP v8.3.1 20200508,0,0,0,0,0,0,0,0,0,0,0,0,0,0,0,0,0,0,0,0,0,0,0,0,0,0,0,0,0,0,0,0,0,0,0,0,https://wfrc.org/programs/models-forecasting/,14015.0515280728,11314045.3825156
298,Woodruff,Utah Statewide Travel Model,OTHEMP, ,19,20,20,20,21,21,22,22,22,22,22,22,22,22,22,22,22,23,23,23,23,24,24,25,25,25,25,25,25,25,25,27,27,27,27,27,https://wfrc.org/programs/models-forecasting/,8761.27138679836,2125805.70625092
299,Woods Cross,WFRC-MAG Travel Model,OTHEMP,2019 RTP v8.3.1 20200508,3823,4030,4205,4345,4452,4609,4739,4849,4957,5082,5234,5333,5426,5569,5706,5785,5857,5920,5972,6019,6075,6158,6222,6297,6377,6466,6564,6690,6864,7018,7149,7254,7332,7422,7505,7594,https://wfrc.org/programs/models-forecasting/,18943.6937164595,18266783.8281338
300,Zion National Park,Dixie Travel Model,OTHEMP, ,6,6,6,6,6,6,6,6,6,6,6,6,6,6,6,7,7,7,8,8,9,10,10,11,12,13,14,15,16,17,18,19,19,20,21,21,https://wfrc.org/programs/models-forecasting/,210468.161829025,809366326.530607
